merge,X,filename.x,TYPE,BOX_AND_CODE,STATE,fullest_code,type_branch,rep,cluster,Region,zip_code,combined
X101.H7a,Vicky1.a1.101.H7A.mzXML.Peak.area,Vicky1-a1-101-H7A.mzXML,isolate,101-H7,SC,Vicky1-a1-101-H7A,branch_u,a,cluster_1,Southeast,29203,cluster_1-branch_u
X101.H7b,Vicky1.a1.101.H7B.mzXML.Peak.area,Vicky1-a1-101-H7B.mzXML,isolate,101-H7,SC,Vicky1-a1-101-H7B,branch_u,b,cluster_1,Southeast,29203,cluster_1-branch_u
X133.H4a,Vicky1.h6.133.H4A.mzXML.Peak.area,Vicky1-h6-133-H4A.mzXML,isolate,133-H4,TX,Vicky1-h6-133-H4A,branch_u,a,cluster_1,South,79928,cluster_1-branch_u
X133.H4b,Vicky1.h6.133.H4B.mzXML.Peak.area,Vicky1-h6-133-H4B.mzXML,isolate,133-H4,TX,Vicky1-h6-133-H4B,branch_u,b,cluster_1,South,79928,cluster_1-branch_u
X134.D5a,Vicky1.c12.134.D5A.mzXML.Peak.area,Vicky1-c12-134-D5A.mzXML,isolate,134-D5,NM,Vicky1-c12-134-D5A,branch_u,a,cluster_1,Southwest,87105,cluster_1-branch_u
X134.D5b,Vicky1.c12.134.D5B.mzXML.Peak.area,Vicky1-c12-134-D5B.mzXML,isolate,134-D5,NM,Vicky1-c12-134-D5B,branch_u,b,cluster_1,Southwest,87105,cluster_1-branch_u
X136.B12a,Vicky1.c9.136.B12A.mzXML.Peak.area,Vicky1-c9-136-B12A.mzXML,isolate,136-B12,CO,Vicky1-c9-136-B12A,branch_u,a,cluster_1,Southwest,80221,cluster_1-branch_u
X136.B12b,Vicky1.c9.136.B12B.mzXML.Peak.area,Vicky1-c9-136-B12B.mzXML,isolate,136-B12,CO,Vicky1-c9-136-B12B,branch_u,b,cluster_1,Southwest,80221,cluster_1-branch_u
X139.F1a,Vicky1.a4.139.F1A.mzXML.Peak.area,Vicky1-a4-139-F1A.mzXML,isolate,139-F1,NM,Vicky1-a4-139-F1A,branch_u,a,cluster_1,Southwest,87121,cluster_1-branch_u
X139.F1b,Vicky1.a4.139.F1B.mzXML.Peak.area,Vicky1-a4-139-F1B.mzXML,isolate,139-F1,NM,Vicky1-a4-139-F1B,branch_u,b,cluster_1,Southwest,87121,cluster_1-branch_u
X139.F2a,Vicky3.a11.139.F2A.mzXML.Peak.area,Vicky3-a11-139-F2A.mzXML,isolate,139-F2,NM,Vicky3-a11-139-F2A,branch_w,a,cluster_2,Southwest,87105,cluster_2-branch_w
X139.F2b,Vicky3.a11.139.F2B.mzXML.Peak.area,Vicky3-a11-139-F2B.mzXML,isolate,139-F2,NM,Vicky3-a11-139-F2B,branch_w,b,cluster_2,Southwest,87105,cluster_2-branch_w
X145.B9a,Vicky1.a5.145.B9A.mzXML.Peak.area,Vicky1-a5-145-B9A.mzXML,isolate,145-B9,TX,Vicky1-a5-145-B9A,branch_u,a,cluster_1,South,79934,cluster_1-branch_u
X145.B9b,Vicky1.a5.145.B9B.mzXML.Peak.area,Vicky1-a5-145-B9B.mzXML,isolate,145-B9,TX,Vicky1-a5-145-B9B,branch_u,b,cluster_1,South,79934,cluster_1-branch_u
X147.B2a,Vicky1.f5.147.B2A.mzXML.Peak.area,Vicky1-f5-147-B2A.mzXML,isolate,147-B2,CO,Vicky1-f5-147-B2A,branch_u,a,cluster_1,Southwest,80521,cluster_1-branch_u
X147.B2b,Vicky1.f5.147.B2B.mzXML.Peak.area,Vicky1-f5-147-B2B.mzXML,isolate,147-B2,CO,Vicky1-f5-147-B2B,branch_u,b,cluster_1,Southwest,80521,cluster_1-branch_u
X147.C6a,Vicky1.f9.147.C6A.mzXML.Peak.area,Vicky1-f9-147-C6A.mzXML,isolate,147-C6,NM,Vicky1-f9-147-C6A,branch_u,a,cluster_1,Southwest,87105,cluster_1-branch_u
X147.C6b,Vicky1.f9.147.C6B.mzXML.Peak.area,Vicky1-f9-147-C6B.mzXML,isolate,147-C6,NM,Vicky1-f9-147-C6B,branch_u,b,cluster_1,Southwest,87105,cluster_1-branch_u
X148.E3a,Vicky1.c8.148.E3A.mzXML.Peak.area,Vicky1-c8-148-E3A.mzXML,isolate,148-E3,MT,Vicky1-c8-148-E3A,branch_u,a,cluster_1,West North Central,59601,cluster_1-branch_u
X148.E3b,Vicky1.c8.148.E3B.mzXML.Peak.area,Vicky1-c8-148-E3B.mzXML,isolate,148-E3,MT,Vicky1-c8-148-E3B,branch_u,b,cluster_1,West North Central,59601,cluster_1-branch_u
X149.A5a,Vicky2.g12.149.A5A.mzXML.Peak.area,Vicky2-g12-149-A5A.mzXML,isolate,149-A5,CO,Vicky2-g12-149-A5A,branch_v,a,cluster_4,Southwest,80004,cluster_4-branch_v
X149.A5b,Vicky2.g12.149.A5B.mzXML.Peak.area,Vicky2-g12-149-A5B.mzXML,isolate,149-A5,CO,Vicky2-g12-149-A5B,branch_v,b,cluster_4,Southwest,80004,cluster_4-branch_v
X151.A8a,Vicky1.c10.151.A8A.mzXML.Peak.area,Vicky1-c10-151-A8A.mzXML,isolate,151-A8,CA,Vicky1-c10-151-A8A,branch_v,a,cluster_2,West,91746,cluster_2-branch_v
X151.A8b,Vicky1.c10.151.A8B.mzXML.Peak.area,Vicky1-c10-151-A8B.mzXML,isolate,151-A8,CA,Vicky1-c10-151-A8B,branch_v,b,cluster_2,West,91746,cluster_2-branch_v
X152.B2a,Vicky1.a3.152.B2A.mzXML.Peak.area,Vicky1-a3-152-B2A.mzXML,isolate,152-B2,CA,Vicky1-a3-152-B2A,branch_u,a,cluster_1,West,94568,cluster_1-branch_u
X152.B2b,Vicky1.a3.152.B2B.mzXML.Peak.area,Vicky1-a3-152-B2B.mzXML,isolate,152-B2,CA,Vicky1-a3-152-B2B,branch_u,b,cluster_1,West,94568,cluster_1-branch_u
X153.E12a,Vicky3.a10.153.E12A.mzXML.Peak.area,Vicky3-a10-153-E12A.mzXML,isolate,153-E12,CA,Vicky3-a10-153-E12A,branch_u,a,cluster_2,West,95123,cluster_2-branch_u
X153.E12b,Vicky3.a10.153.E12B.mzXML.Peak.area,Vicky3-a10-153-E12B.mzXML,isolate,153-E12,CA,Vicky3-a10-153-E12B,branch_u,b,cluster_2,West,95123,cluster_2-branch_u
X154.A4a,Vicky3.b10.154.A4A.mzXML.Peak.area,Vicky3-b10-154-A4A.mzXML,isolate,154-A4,OK,Vicky3-b10-154-A4A,branch_u,a,cluster_1,South,74873,cluster_1-branch_u
X154.A4b,Vicky3.b10.154.A4B.mzXML.Peak.area,Vicky3-b10-154-A4B.mzXML,isolate,154-A4,OK,Vicky3-b10-154-A4B,branch_u,b,cluster_1,South,74873,cluster_1-branch_u
X155.E5a,Vicky1.e8.155.E5A.mzXML.Peak.area,Vicky1-e8-155-E5A.mzXML,isolate,155-E5,CA,Vicky1-e8-155-E5A,branch_u,a,cluster_1,West,95123,cluster_1-branch_u
X155.E5b,Vicky1.e8.155.E5B.mzXML.Peak.area,Vicky1-e8-155-E5B.mzXML,isolate,155-E5,CA,Vicky1-e8-155-E5B,branch_u,b,cluster_1,West,95123,cluster_1-branch_u
X157.F2a,Vicky1.b2.157.F2A.mzXML.Peak.area,Vicky1-b2-157-F2A.mzXML,isolate,157-F2,CA,Vicky1-b2-157-F2A,branch_u,a,cluster_2,West,92129,cluster_2-branch_u
X157.F2b,Vicky1.b2.157.F2B.mzXML.Peak.area,Vicky1-b2-157-F2B.mzXML,isolate,157-F2,CA,Vicky1-b2-157-F2B,branch_u,b,cluster_2,West,92129,cluster_2-branch_u
X157.H2a,Vicky2.a11.157.H2A.mzXML.Peak.area,Vicky2-a11-157-H2A.mzXML,isolate,157-H2,UT,Vicky2-a11-157-H2A,branch_w,a,cluster_2,Southwest,84758,cluster_2-branch_w
X157.H2b,Vicky2.a11.157.H2B.mzXML.Peak.area,Vicky2-a11-157-H2B.mzXML,isolate,157-H2,UT,Vicky2-a11-157-H2B,branch_w,b,cluster_2,Southwest,84758,cluster_2-branch_w
X158.H6a,Vicky2.b1.158.H6A.mzXML.Peak.area,Vicky2-b1-158-H6A.mzXML,isolate,158-H6,NV,Vicky2-b1-158-H6A,branch_w,a,cluster_2,West,89403,cluster_2-branch_w
X158.H6b,Vicky2.b1.158.H6B.mzXML.Peak.area,Vicky2-b1-158-H6B.mzXML,isolate,158-H6,NV,Vicky2-b1-158-H6B,branch_w,b,cluster_2,West,89403,cluster_2-branch_w
X159.E5a,Vicky1.e10.159.E5A.mzXML.Peak.area,Vicky1-e10-159-E5A.mzXML,isolate,159-E5,NM,Vicky1-e10-159-E5A,branch_u,a,cluster_1,Southwest,87701,cluster_1-branch_u
X159.E5b,Vicky1.e10.159.E5B.mzXML.Peak.area,Vicky1-e10-159-E5B.mzXML,isolate,159-E5,NM,Vicky1-e10-159-E5B,branch_u,b,cluster_1,Southwest,87701,cluster_1-branch_u
X164.D9a,Vicky3.b2.164.D9A.mzXML.Peak.area,Vicky3-b2-164-D9A.mzXML,isolate,164-D9,UT,Vicky3-b2-164-D9A,branch_w,a,cluster_2,Southwest,84758,cluster_2-branch_w
X164.D9b,Vicky3.b2.164.D9B.mzXML.Peak.area,Vicky3-b2-164-D9B.mzXML,isolate,164-D9,UT,Vicky3-b2-164-D9B,branch_w,b,cluster_2,Southwest,84758,cluster_2-branch_w
X165.C11a,Vicky1.c11.165.C11A.mzXML.Peak.area,Vicky1-c11-165-C11A.mzXML,isolate,165-C11,KS,Vicky1-c11-165-C11A,branch_u,a,cluster_1,South,66402,cluster_1-branch_u
X165.C11b,Vicky1.c11.165.C11B.mzXML.Peak.area,Vicky1-c11-165-C11B.mzXML,isolate,165-C11,KS,Vicky1-c11-165-C11B,branch_u,b,cluster_1,South,66402,cluster_1-branch_u
X166.G4a,Vicky2.d11.166.G4A.mzXML.Peak.area,Vicky2-d11-166-G4A.mzXML,isolate,166-G4,UT,Vicky2-d11-166-G4A,branch_v,a,cluster_2,Southwest,84058,cluster_2-branch_v
X166.G4b,Vicky2.d11.166.G4B.mzXML.Peak.area,Vicky2-d11-166-G4B.mzXML,isolate,166-G4,UT,Vicky2-d11-166-G4B,branch_v,b,cluster_2,Southwest,84058,cluster_2-branch_v
X166.H2a,Vicky3.b1.166.H2A.mzXML.Peak.area,Vicky3-b1-166-H2A.mzXML,isolate,166-H2,CA,Vicky3-b1-166-H2A,branch_w,a,cluster_2,West,94568,cluster_2-branch_w
X166.H2b,Vicky3.b1.166.H2B.mzXML.Peak.area,Vicky3-b1-166-H2B.mzXML,isolate,166-H2,CA,Vicky3-b1-166-H2B,branch_w,b,cluster_2,West,94568,cluster_2-branch_w
X167.A11a,Vicky1.b10.167.A11A.mzXML.Peak.area,Vicky1-b10-167-A11A.mzXML,isolate,167-A11,CA,Vicky1-b10-167-A11A,branch_u,a,cluster_1,West,92841,cluster_1-branch_u
X167.A11b,Vicky1.b10.167.A11B.mzXML.Peak.area,Vicky1-b10-167-A11B.mzXML,isolate,167-A11,CA,Vicky1-b10-167-A11B,branch_u,b,cluster_1,West,92841,cluster_1-branch_u
X168.E2a,Vicky3.b3.168.E2A.mzXML.Peak.area,Vicky3-b3-168-E2A.mzXML,isolate,168-E2,CA,Vicky3-b3-168-E2A,branch_w,a,cluster_2,West,95673,cluster_2-branch_w
X168.E2b,Vicky3.b3.168.E2B.mzXML.Peak.area,Vicky3-b3-168-E2B.mzXML,isolate,168-E2,CA,Vicky3-b3-168-E2B,branch_w,b,cluster_2,West,95673,cluster_2-branch_w
X169.E8a,Vicky1.d10.169.E8A.mzXML.Peak.area,Vicky1-d10-169-E8A.mzXML,isolate,169-E8,UT,Vicky1-d10-169-E8A,branch_y,a,cluster_3,Southwest,84758,cluster_3-branch_y
X169.E8b,Vicky1.d10.169.E8B.mzXML.Peak.area,Vicky1-d10-169-E8B.mzXML,isolate,169-E8,UT,Vicky1-d10-169-E8B,branch_y,b,cluster_3,Southwest,84758,cluster_3-branch_y
X169.E9a,Vicky3.b7.169.E9A.mzXML.Peak.area,Vicky3-b7-169-E9A.mzXML,isolate,169-E9,UT,Vicky3-b7-169-E9A,branch_w,a,cluster_2,Southwest,84758,cluster_2-branch_w
X169.E9b,Vicky3.b7.169.E9B.mzXML.Peak.area,Vicky3-b7-169-E9B.mzXML,isolate,169-E9,UT,Vicky3-b7-169-E9B,branch_w,b,cluster_2,Southwest,84758,cluster_2-branch_w
X170.A3a,Vicky1.f6.170.A3A.mzXML.Peak.area,Vicky1-f6-170-A3A.mzXML,isolate,170-A3,MN,Vicky1-f6-170-A3A,branch_u,a,cluster_1,East North Central,55379,cluster_1-branch_u
X170.A3b,Vicky1.f6.170.A3B.mzXML.Peak.area,Vicky1-f6-170-A3B.mzXML,isolate,170-A3,MN,Vicky1-f6-170-A3B,branch_u,b,cluster_1,East North Central,55379,cluster_1-branch_u
X170.E12a,Vicky1.d7.170.E12A.mzXML.Peak.area,Vicky1-d7-170-E12A.mzXML,isolate,170-E12,UT,Vicky1-d7-170-E12A,branch_u,a,cluster_1,Southwest,84070,cluster_1-branch_u
X170.E12b,Vicky1.d7.170.E12B.mzXML.Peak.area,Vicky1-d7-170-E12B.mzXML,isolate,170-E12,UT,Vicky1-d7-170-E12B,branch_u,b,cluster_1,Southwest,84070,cluster_1-branch_u
X170.F4a,Vicky2.b2.170.F4A.mzXML.Peak.area,Vicky2-b2-170-F4A.mzXML,isolate,170-F4,UT,Vicky2-b2-170-F4A,branch_w,a,cluster_2,Southwest,84758,cluster_2-branch_w
X170.F4b,Vicky2.b2.170.F4B.mzXML.Peak.area,Vicky2-b2-170-F4B.mzXML,isolate,170-F4,UT,Vicky2-b2-170-F4B,branch_w,b,cluster_2,Southwest,84758,cluster_2-branch_w
X173.C6a,Vicky1.b11.173.C6A.mzXML.Peak.area,Vicky1-b11-173-C6A.mzXML,isolate,173-C6,CA,Vicky1-b11-173-C6A,branch_u,a,cluster_1,West,95817,cluster_1-branch_u
X173.C6b,Vicky1.b11.173.C6B.mzXML.Peak.area,Vicky1-b11-173-C6B.mzXML,isolate,173-C6,CA,Vicky1-b11-173-C6B,branch_u,b,cluster_1,West,95817,cluster_1-branch_u
X175.A7a,Vicky3.b8.175.A7A.mzXML.Peak.area,Vicky3-b8-175-A7A.mzXML,isolate,175-A7,VA,Vicky3-b8-175-A7A,branch_u,a,cluster_1,Southeast,22567,cluster_1-branch_u
X175.A7b,Vicky3.b8.175.A7B.mzXML.Peak.area,Vicky3-b8-175-A7B.mzXML,isolate,175-A7,VA,Vicky3-b8-175-A7B,branch_u,b,cluster_1,Southeast,22567,cluster_1-branch_u
X175.C5a,Vicky2.c10.175.C5A.mzXML.Peak.area,Vicky2-c10-175-C5A.mzXML,isolate,175-C5,PA,Vicky2-c10-175-C5A,branch_u,a,cluster_1,Northeast,17602,cluster_1-branch_u
X175.C5b,Vicky2.c10.175.C5B.mzXML.Peak.area,Vicky2-c10-175-C5B.mzXML,isolate,175-C5,PA,Vicky2-c10-175-C5B,branch_u,b,cluster_1,Northeast,17602,cluster_1-branch_u
X175.F4a,Vicky1.b12.175.F4A.mzXML.Peak.area,Vicky1-b12-175-F4A.mzXML,isolate,175-F4,MN,Vicky1-b12-175-F4A,branch_u,a,cluster_1,East North Central,55304,cluster_1-branch_u
X175.F4b,Vicky1.b12.175.F4B.mzXML.Peak.area,Vicky1-b12-175-F4B.mzXML,isolate,175-F4,MN,Vicky1-b12-175-F4B,branch_u,b,cluster_1,East North Central,55304,cluster_1-branch_u
X177.E1a,Vicky1.a2.177.E1A.mzXML.Peak.area,Vicky1-a2-177-E1A.mzXML,isolate,177-E1,OK,Vicky1-a2-177-E1A,branch_u,a,cluster_2,South,73111,cluster_2-branch_u
X177.E1b,Vicky1.a2.177.E1B.mzXML.Peak.area,Vicky1-a2-177-E1B.mzXML,isolate,177-E1,OK,Vicky1-a2-177-E1B,branch_u,b,cluster_1,South,73111,cluster_1-branch_u
X177.E5a,Vicky1.a6.177.E5A.mzXML.Peak.area,Vicky1-a6-177-E5A.mzXML,isolate,177-E5,OK,Vicky1-a6-177-E5A,branch_u,a,cluster_1,South,73111,cluster_1-branch_u
X177.E5b,Vicky1.a6.177.E5B.mzXML.Peak.area,Vicky1-a6-177-E5B.mzXML,isolate,177-E5,OK,Vicky1-a6-177-E5B,branch_u,b,cluster_1,South,73111,cluster_1-branch_u
X177.E6a,Vicky1.a11.177.E6A.mzXML.Peak.area,Vicky1-a11-177-E6A.mzXML,isolate,177-E6,OK,Vicky1-a11-177-E6A,branch_u,a,cluster_1,South,73111,cluster_1-branch_u
X177.E6b,Vicky1.a11.177.E6B.mzXML.Peak.area,Vicky1-a11-177-E6B.mzXML,isolate,177-E6,OK,Vicky1-a11-177-E6B,branch_u,b,cluster_1,South,73111,cluster_1-branch_u
X178.D1a,Vicky2.e2.178.D1A.mzXML.Peak.area,Vicky2-e2-178-D1A.mzXML,isolate,178-D1,CA,Vicky2-e2-178-D1A,branch_v,a,cluster_4,West,93933,cluster_4-branch_v
X178.D1b,Vicky2.e2.178.D1B.mzXML.Peak.area,Vicky2-e2-178-D1B.mzXML,isolate,178-D1,CA,Vicky2-e2-178-D1B,branch_v,b,cluster_4,West,93933,cluster_4-branch_v
X179.A9a,Vicky1.d2.179.A9A.mzXML.Peak.area,Vicky1-d2-179-A9A.mzXML,isolate,179-A9,NM,Vicky1-d2-179-A9A,branch_y,a,cluster_3,Southwest,87112,cluster_3-branch_y
X179.A9b,Vicky1.d2.179.A9B.mzXML.Peak.area,Vicky1-d2-179-A9B.mzXML,isolate,179-A9,NM,Vicky1-d2-179-A9B,branch_y,b,cluster_3,Southwest,87112,cluster_3-branch_y
X180.B10a,Vicky1.a7.180.B10A.mzXML.Peak.area,Vicky1-a7-180-B10A.mzXML,isolate,180-B10,CA,Vicky1-a7-180-B10A,branch_u,a,cluster_1,West,95817,cluster_1-branch_u
X180.B10b,Vicky1.a7.180.B10B.mzXML.Peak.area,Vicky1-a7-180-B10B.mzXML,isolate,180-B10,CA,Vicky1-a7-180-B10B,branch_u,b,cluster_1,West,95817,cluster_1-branch_u
X180.B9a,Vicky1.a9.180.B9A.mzXML.Peak.area,Vicky1-a9-180-B9A.mzXML,isolate,180-B9,CA,Vicky1-a9-180-B9A,branch_u,a,cluster_1,West,95817,cluster_1-branch_u
X180.B9b,Vicky1.a9.180.B9B.mzXML.Peak.area,Vicky1-a9-180-B9B.mzXML,isolate,180-B9,CA,Vicky1-a9-180-B9B,branch_u,b,cluster_1,West,95817,cluster_1-branch_u
X183.H4a,Vicky1.a10.183.H4A.mzXML.Peak.area,Vicky1-a10-183-H4A.mzXML,isolate,183-H4,SD,Vicky1-a10-183-H4A,branch_u,a,cluster_1,West North Central,57401,cluster_1-branch_u
X183.H4b,Vicky1.a10.183.H4B.mzXML.Peak.area,Vicky1-a10-183-H4B.mzXML,isolate,183-H4,SD,Vicky1-a10-183-H4B,branch_u,b,cluster_1,West North Central,57401,cluster_1-branch_u
X185.D9a,Vicky1.a8.185.D9A.mzXML.Peak.area,Vicky1-a8-185-D9A.mzXML,isolate,185-D9,MA,Vicky1-a8-185-D9A,branch_u,a,cluster_1,Northeast,2126,cluster_1-branch_u
X185.D9b,Vicky1.a8.185.D9B.mzXML.Peak.area,Vicky1-a8-185-D9B.mzXML,isolate,185-D9,MA,Vicky1-a8-185-D9B,branch_u,b,cluster_1,Northeast,2126,cluster_1-branch_u
X185.F7a,Vicky1.f7.185.F7A.mzXML.Peak.area,Vicky1-f7-185-F7A.mzXML,isolate,185-F7,NE,Vicky1-f7-185-F7A,branch_u,a,cluster_1,West North Central,69337,cluster_1-branch_u
X185.F7b,Vicky1.f7.185.F7B.mzXML.Peak.area,Vicky1-f7-185-F7B.mzXML,isolate,185-F7,NE,Vicky1-f7-185-F7B,branch_u,b,cluster_1,West North Central,69337,cluster_1-branch_u
X186.F11a,Vicky2.c4.186.F11A.mzXML.Peak.area,Vicky2-c4-186-F11A.mzXML,isolate,186-F11,WI,Vicky2-c4-186-F11A,branch_u,a,cluster_1,East North Central,54166,cluster_1-branch_u
X186.F11b,Vicky2.c4.186.F11B.mzXML.Peak.area,Vicky2-c4-186-F11B.mzXML,isolate,186-F11,WI,Vicky2-c4-186-F11B,branch_u,b,cluster_1,East North Central,54166,cluster_1-branch_u
X186.F8a,Vicky1.d1.186.F8A.mzXML.Peak.area,Vicky1-d1-186-F8A.mzXML,isolate,186-F8,WI,Vicky1-d1-186-F8A,branch_y,a,cluster_3,East North Central,54166,cluster_3-branch_y
X186.F8b,Vicky1.d1.186.F8B.mzXML.Peak.area,Vicky1-d1-186-F8B.mzXML,isolate,186-F8,WI,Vicky1-d1-186-F8B,branch_y,b,cluster_3,East North Central,54166,cluster_3-branch_y
X190.D4a,Vicky1.d3.190.D4A.mzXML.Peak.area,Vicky1-d3-190-D4A.mzXML,isolate,190-D4,UT,Vicky1-d3-190-D4A,branch_y,a,cluster_3,Southwest,84758,cluster_3-branch_y
X190.D4b,Vicky1.d3.190.D4B.mzXML.Peak.area,Vicky1-d3-190-D4B.mzXML,isolate,190-D4,UT,Vicky1-d3-190-D4B,branch_y,b,cluster_3,Southwest,84758,cluster_3-branch_y
X194.H4a,Vicky1.b9.194.H4A.mzXML.Peak.area,Vicky1-b9-194-H4A.mzXML,isolate,194-H4,UT,Vicky1-b9-194-H4A,branch_u,a,cluster_2,Southwest,84758,cluster_2-branch_u
X194.H4b,Vicky1.b9.194.H4B.mzXML.Peak.area,Vicky1-b9-194-H4B.mzXML,isolate,194-H4,UT,Vicky1-b9-194-H4B,branch_u,b,cluster_1,Southwest,84758,cluster_1-branch_u
X197.B1a,Vicky1.b1.197.B1A.mzXML.Peak.area,Vicky1-b1-197-B1A.mzXML,isolate,197-B1,OH,Vicky1-b1-197-B1A,branch_u,a,cluster_1,Central,43440,cluster_1-branch_u
X197.B1b,Vicky1.b1.197.B1B.mzXML.Peak.area,Vicky1-b1-197-B1B.mzXML,isolate,197-B1,OH,Vicky1-b1-197-B1B,branch_u,b,cluster_1,Central,43440,cluster_1-branch_u
X197.D9a,Vicky1.b6.197.D9A.mzXML.Peak.area,Vicky1-b6-197-D9A.mzXML,isolate,197-D9,UT,Vicky1-b6-197-D9A,branch_u,a,cluster_1,Southwest,84758,cluster_1-branch_u
X197.D9b,Vicky1.b6.197.D9B.mzXML.Peak.area,Vicky1-b6-197-D9B.mzXML,isolate,197-D9,UT,Vicky1-b6-197-D9B,branch_u,b,cluster_1,Southwest,84758,cluster_1-branch_u
X197.E10a,Vicky1.c3.197.E10A.mzXML.Peak.area,Vicky1-c3-197-E10A.mzXML,isolate,197-E10,UT,Vicky1-c3-197-E10A,branch_y,a,cluster_3,Southwest,84758,cluster_3-branch_y
X197.E10b,Vicky1.c3.197.E10B.mzXML.Peak.area,Vicky1-c3-197-E10B.mzXML,isolate,197-E10,UT,Vicky1-c3-197-E10B,branch_y,b,cluster_3,Southwest,84758,cluster_3-branch_y
X199.A7a,Vicky1.b7.199.A7A.mzXML.Peak.area,Vicky1-b7-199-A7A.mzXML,isolate,199-A7,AZ,Vicky1-b7-199-A7A,branch_u,a,cluster_1,Southwest,85280,cluster_1-branch_u
X199.A7b,Vicky1.b7.199.A7B.mzXML.Peak.area,Vicky1-b7-199-A7B.mzXML,isolate,199-A7,AZ,Vicky1-b7-199-A7B,branch_u,b,cluster_1,Southwest,85280,cluster_1-branch_u
X200.A5a,Vicky1.c5.200.A5A.mzXML.Peak.area,Vicky1-c5-200-A5A.mzXML,isolate,200-A5,AK,Vicky1-c5-200-A5A,branch_y,a,cluster_3,Alaska,99824,cluster_3-branch_y
X200.A5b,Vicky1.c5.200.A5B.mzXML.Peak.area,Vicky1-c5-200-A5B.mzXML,isolate,200-A5,AK,Vicky1-c5-200-A5B,branch_y,b,cluster_3,Alaska,99824,cluster_3-branch_y
X201.B8a,Vicky3.b11.201.B8A.mzXML.Peak.area,Vicky3-b11-201-B8A.mzXML,isolate,201-B8,CA,Vicky3-b11-201-B8A,branch_u,a,cluster_2,West,92887,cluster_2-branch_u
X201.B8b,Vicky3.b11.201.B8B.mzXML.Peak.area,Vicky3-b11-201-B8B.mzXML,isolate,201-B8,CA,Vicky3-b11-201-B8B,branch_u,b,cluster_1,West,92887,cluster_1-branch_u
X201.E4a,Vicky1.b8.201.E4A.mzXML.Peak.area,Vicky1-b8-201-E4A.mzXML,isolate,201-E4,FL,Vicky1-b8-201-E4A,branch_u,a,cluster_1,Southeast,33993,cluster_1-branch_u
X201.E4b,Vicky1.b8.201.E4B.mzXML.Peak.area,Vicky1-b8-201-E4B.mzXML,isolate,201-E4,FL,Vicky1-b8-201-E4B,branch_u,b,cluster_1,Southeast,33993,cluster_1-branch_u
X236.G1a,Vicky1.d11.236.G1A.mzXML.Peak.area,Vicky1-d11-236-G1A.mzXML,isolate,236-G1,OR,Vicky1-d11-236-G1A,branch_y,a,cluster_3,Northwest,97498,cluster_3-branch_y
X236.G1b,Vicky1.d11.236.G1B.mzXML.Peak.area,Vicky1-d11-236-G1B.mzXML,isolate,236-G1,OR,Vicky1-d11-236-G1B,branch_y,b,cluster_3,Northwest,97498,cluster_3-branch_y
X238.B1a,Vicky2.c5.238.B1A.mzXML.Peak.area,Vicky2-c5-238-B1A.mzXML,isolate,238-B1,CO,Vicky2-c5-238-B1A,branch_u,a,cluster_1,Southwest,80447,cluster_1-branch_u
X238.B1b,Vicky2.c5.238.B1B.mzXML.Peak.area,Vicky2-c5-238-B1B.mzXML,isolate,238-B1,CO,Vicky2-c5-238-B1B,branch_u,b,cluster_1,Southwest,80447,cluster_1-branch_u
X239.D10a,Vicky1.e5.239.D10A.mzXML.Peak.area,Vicky1-e5-239-D10A.mzXML,isolate,239-D10,TX,Vicky1-e5-239-D10A,branch_u,a,cluster_1,South,78734,cluster_1-branch_u
X239.D10b,Vicky1.e5.239.D10B.mzXML.Peak.area,Vicky1-e5-239-D10B.mzXML,isolate,239-D10,TX,Vicky1-e5-239-D10B,branch_u,b,cluster_1,South,78734,cluster_1-branch_u
X239.D12a,Vicky1.b4.239.D12A.mzXML.Peak.area,Vicky1-b4-239-D12A.mzXML,isolate,239-D12,TX,Vicky1-b4-239-D12A,branch_u,a,cluster_1,South,78734,cluster_1-branch_u
X239.D12b,Vicky1.b4.239.D12B.mzXML.Peak.area,Vicky1-b4-239-D12B.mzXML,isolate,239-D12,TX,Vicky1-b4-239-D12B,branch_u,b,cluster_1,South,78734,cluster_1-branch_u
X239.G9a,Vicky1.b3.239.G9A.mzXML.Peak.area,Vicky1-b3-239-G9A.mzXML,isolate,239-G9,WA,Vicky1-b3-239-G9A,branch_u,a,cluster_1,Northwest,99353,cluster_1-branch_u
X239.G9b,Vicky1.b3.239.G9B.mzXML.Peak.area,Vicky1-b3-239-G9B.mzXML,isolate,239-G9,WA,Vicky1-b3-239-G9B,branch_u,b,cluster_1,Northwest,99353,cluster_1-branch_u
X239.H3a,Vicky2.c12.239.H3A.mzXML.Peak.area,Vicky2-c12-239-H3A.mzXML,isolate,239-H3,WA,Vicky2-c12-239-H3A,branch_v,a,cluster_5,Northwest,99353,cluster_5-branch_v
X239.H3b,Vicky2.c12.239.H3B.mzXML.Peak.area,Vicky2-c12-239-H3B.mzXML,isolate,239-H3,WA,Vicky2-c12-239-H3B,branch_v,b,cluster_5,Northwest,99353,cluster_5-branch_v
X239.H7a,Vicky2.c6.239.H7A.mzXML.Peak.area,Vicky2-c6-239-H7A.mzXML,isolate,239-H7,WA,Vicky2-c6-239-H7A,branch_u,a,cluster_1,Northwest,99353,cluster_1-branch_u
X239.H7b,Vicky2.c6.239.H7B.mzXML.Peak.area,Vicky2-c6-239-H7B.mzXML,isolate,239-H7,WA,Vicky2-c6-239-H7B,branch_u,b,cluster_1,Northwest,99353,cluster_1-branch_u
X239.H8a,Vicky3.a8.239.H8A.mzXML.Peak.area,Vicky3-a8-239-H8A.mzXML,isolate,239-H8,WA,Vicky3-a8-239-H8A,branch_u,a,cluster_1,Northwest,99353,cluster_1-branch_u
X239.H8b,Vicky3.a8.239.H8B.mzXML.Peak.area,Vicky3-a8-239-H8B.mzXML,isolate,239-H8,WA,Vicky3-a8-239-H8B,branch_u,b,cluster_1,Northwest,99353,cluster_1-branch_u
X241.F8a,Vicky1.f10.241.F8A.mzXML.Peak.area,Vicky1-f10-241-F8A.mzXML,isolate,241-F8,MN,Vicky1-f10-241-F8A,branch_u,a,cluster_1,East North Central,55417,cluster_1-branch_u
X241.F8b,Vicky1.f10.241.F8B.mzXML.Peak.area,Vicky1-f10-241-F8B.mzXML,isolate,241-F8,MN,Vicky1-f10-241-F8B,branch_u,b,cluster_1,East North Central,55417,cluster_1-branch_u
X241.F9a,Vicky2.c11.241.F9A.mzXML.Peak.area,Vicky2-c11-241-F9A.mzXML,isolate,241-F9,MN,Vicky2-c11-241-F9A,branch_u,a,cluster_1,East North Central,55417,cluster_1-branch_u
X241.F9b,Vicky2.c11.241.F9B.mzXML.Peak.area,Vicky2-c11-241-F9B.mzXML,isolate,241-F9,MN,Vicky2-c11-241-F9B,branch_u,b,cluster_1,East North Central,55417,cluster_1-branch_u
X244.G12a,Vicky2.d2.244.G12A.mzXML.Peak.area,Vicky2-d2-244-G12A.mzXML,isolate,244-G12,MI,Vicky2-d2-244-G12A,branch_u,a,cluster_1,East North Central,49802,cluster_1-branch_u
X244.G12b,Vicky2.d2.244.G12B.mzXML.Peak.area,Vicky2-d2-244-G12B.mzXML,isolate,244-G12,MI,Vicky2-d2-244-G12B,branch_u,b,cluster_1,East North Central,49802,cluster_1-branch_u
X245.E10a,Vicky2.c8.245.E10A.mzXML.Peak.area,Vicky2-c8-245-E10A.mzXML,isolate,245-E10,PA,Vicky2-c8-245-E10A,branch_u,a,cluster_1,Northeast,18105,cluster_1-branch_u
X245.E10b,Vicky2.c8.245.E10B.mzXML.Peak.area,Vicky2-c8-245-E10B.mzXML,isolate,245-E10,PA,Vicky2-c8-245-E10B,branch_u,b,cluster_1,Northeast,18105,cluster_1-branch_u
X247.G9a,Vicky2.c9.247.G9A.mzXML.Peak.area,Vicky2-c9-247-G9A.mzXML,isolate,247-G9,UT,Vicky2-c9-247-G9A,branch_u,a,cluster_1,Southwest,84601,cluster_1-branch_u
X247.G9b,Vicky2.c9.247.G9B.mzXML.Peak.area,Vicky2-c9-247-G9B.mzXML,isolate,247-G9,UT,Vicky2-c9-247-G9B,branch_u,b,cluster_1,Southwest,84601,cluster_1-branch_u
X253.D6a,Vicky2.e3.253.D6A.mzXML.Peak.area,Vicky2-e3-253-D6A.mzXML,isolate,253-D6,CA,Vicky2-e3-253-D6A,branch_v,a,cluster_4,West,92624,cluster_4-branch_v
X253.D6b,Vicky2.e3.253.D6B.mzXML.Peak.area,Vicky2-e3-253-D6B.mzXML,isolate,253-D6,CA,Vicky2-e3-253-D6B,branch_v,b,cluster_4,West,92624,cluster_4-branch_v
X253.G9a,Vicky1.d12.253.G9A.mzXML.Peak.area,Vicky1-d12-253-G9A.mzXML,isolate,253-G9,MN,Vicky1-d12-253-G9A,branch_u,a,cluster_1,East North Central,56601,cluster_1-branch_u
X253.G9b,Vicky1.d12.253.G9B.mzXML.Peak.area,Vicky1-d12-253-G9B.mzXML,isolate,253-G9,MN,Vicky1-d12-253-G9B,branch_u,b,cluster_1,East North Central,56601,cluster_1-branch_u
X258.B8a,Vicky2.d1.258.B8A.mzXML.Peak.area,Vicky2-d1-258-B8A.mzXML,isolate,258-B8,AL,Vicky2-d1-258-B8A,branch_u,a,cluster_1,Southeast,35216,cluster_1-branch_u
X258.B8b,Vicky2.d1.258.B8B.mzXML.Peak.area,Vicky2-d1-258-B8B.mzXML,isolate,258-B8,AL,Vicky2-d1-258-B8B,branch_u,b,cluster_1,Southeast,35216,cluster_1-branch_u
X260.C1a,Vicky1.b5.260.C1A.mzXML.Peak.area,Vicky1-b5-260-C1A.mzXML,isolate,260-C1,CA,Vicky1-b5-260-C1A,branch_u,a,cluster_1,West,92694,cluster_1-branch_u
X260.C1b,Vicky1.b5.260.C1B.mzXML.Peak.area,Vicky1-b5-260-C1B.mzXML,isolate,260-C1,CA,Vicky1-b5-260-C1B,branch_u,b,cluster_1,West,92694,cluster_1-branch_u
X260.D5a,Vicky1.a12.260.D5A.mzXML.Peak.area,Vicky1-a12-260-D5A.mzXML,isolate,260-D5,CA,Vicky1-a12-260-D5A,branch_u,a,cluster_1,West,92629,cluster_1-branch_u
X260.D5b,Vicky1.a12.260.D5B.mzXML.Peak.area,Vicky1-a12-260-D5B.mzXML,isolate,260-D5,CA,Vicky1-a12-260-D5B,branch_u,b,cluster_1,West,92629,cluster_1-branch_u
X260.D9a,Vicky2.g4.260.D9A.mzXML.Peak.area,Vicky2-g4-260-D9A.mzXML,isolate,260-D9,CA,Vicky2-g4-260-D9A,branch_w,a,cluster_2,West,92624,cluster_2-branch_w
X260.D9b,Vicky2.g4.260.D9B.mzXML.Peak.area,Vicky2-g4-260-D9B.mzXML,isolate,260-D9,CA,Vicky2-g4-260-D9B,branch_w,b,cluster_2,West,92624,cluster_2-branch_w
X262.B7a,Vicky1.f11.262.B7A.mzXML.Peak.area,Vicky1-f11-262-B7A.mzXML,isolate,262-B7,CA,Vicky1-f11-262-B7A,branch_u,a,cluster_1,West,92624,cluster_1-branch_u
X262.B7b,Vicky1.f11.262.B7B.mzXML.Peak.area,Vicky1-f11-262-B7B.mzXML,isolate,262-B7,CA,Vicky1-f11-262-B7B,branch_u,b,cluster_1,West,92624,cluster_1-branch_u
X263.C1a,Vicky3.a9.263.C1A.mzXML.Peak.area,Vicky3-a9-263-C1A.mzXML,isolate,263-C1,CA,Vicky3-a9-263-C1A,branch_v,a,cluster_2,West,92673,cluster_2-branch_v
X263.C1b,Vicky3.a9.263.C1B.mzXML.Peak.area,Vicky3-a9-263-C1B.mzXML,isolate,263-C1,CA,Vicky3-a9-263-C1B,branch_v,b,cluster_2,West,92673,cluster_2-branch_v
X263.C2a,Vicky1.e1.263.C2A.mzXML.Peak.area,Vicky1-e1-263-C2A.mzXML,isolate,263-C2,CA,Vicky1-e1-263-C2A,branch_u,a,cluster_1,West,92673,cluster_1-branch_u
X263.C2b,Vicky1.e1.263.C2B.mzXML.Peak.area,Vicky1-e1-263-C2B.mzXML,isolate,263-C2,CA,Vicky1-e1-263-C2B,branch_u,b,cluster_1,West,92673,cluster_1-branch_u
X264.C2a,Vicky1.c4.264.C2A.mzXML.Peak.area,Vicky1-c4-264-C2A.mzXML,isolate,264-C2,UT,Vicky1-c4-264-C2A,branch_y,a,cluster_3,Southwest,84321,cluster_3-branch_y
X264.C2b,Vicky1.c4.264.C2B.mzXML.Peak.area,Vicky1-c4-264-C2B.mzXML,isolate,264-C2,UT,Vicky1-c4-264-C2B,branch_y,b,cluster_3,Southwest,84321,cluster_3-branch_y
X264.D2a,Vicky1.e12.264.D2A.mzXML.Peak.area,Vicky1-e12-264-D2A.mzXML,isolate,264-D2,UT,Vicky1-e12-264-D2A,branch_y,a,cluster_3,Southwest,84321,cluster_3-branch_y
X264.D2b,Vicky1.e12.264.D2B.mzXML.Peak.area,Vicky1-e12-264-D2B.mzXML,isolate,264-D2,UT,Vicky1-e12-264-D2B,branch_y,b,cluster_3,Southwest,84321,cluster_3-branch_y
X266.C12a,Vicky1.h3.266.C12A.mzXML.Peak.area,Vicky1-h3-266-C12A.mzXML,isolate,266-C12,CA,Vicky1-h3-266-C12A,branch_u,a,cluster_1,West,92694,cluster_1-branch_u
X266.C12b,Vicky1.h3.266.C12B.mzXML.Peak.area,Vicky1-h3-266-C12B.mzXML,isolate,266-C12,CA,Vicky1-h3-266-C12B,branch_u,b,cluster_1,West,92694,cluster_1-branch_u
X266.H2a,Vicky1.e9.266.H2A.mzXML.Peak.area,Vicky1-e9-266-H2A.mzXML,isolate,266-H2,CA,Vicky1-e9-266-H2A,branch_u,a,cluster_1,West,92675,cluster_1-branch_u
X266.H2b,Vicky1.e9.266.H2B.mzXML.Peak.area,Vicky1-e9-266-H2B.mzXML,isolate,266-H2,CA,Vicky1-e9-266-H2B,branch_u,b,cluster_1,West,92675,cluster_1-branch_u
X267.A5a,Vicky1.f8.267.A5A.mzXML.Peak.area,Vicky1-f8-267-A5A.mzXML,isolate,267-A5,UT,Vicky1-f8-267-A5A,branch_u,a,cluster_1,Southwest,84321,cluster_1-branch_u
X267.A5b,Vicky1.f8.267.A5B.mzXML.Peak.area,Vicky1-f8-267-A5B.mzXML,isolate,267-A5,UT,Vicky1-f8-267-A5B,branch_u,b,cluster_1,Southwest,84321,cluster_1-branch_u
X267.B12a,Vicky1.e11.267.B12A.mzXML.Peak.area,Vicky1-e11-267-B12A.mzXML,isolate,267-B12,UT,Vicky1-e11-267-B12A,branch_u,a,cluster_1,Southwest,84321,cluster_1-branch_u
X267.B12b,Vicky1.e11.267.B12B.mzXML.Peak.area,Vicky1-e11-267-B12B.mzXML,isolate,267-B12,UT,Vicky1-e11-267-B12B,branch_u,b,cluster_1,Southwest,84321,cluster_1-branch_u
X267.F12a,Vicky2.g11.267.F12A.mzXML.Peak.area,Vicky2-g11-267-F12A.mzXML,isolate,267-F12,UT,Vicky2-g11-267-F12A,branch_v,a,cluster_4,Southwest,84321,cluster_4-branch_v
X267.F12b,Vicky2.g11.267.F12B.mzXML.Peak.area,Vicky2-g11-267-F12B.mzXML,isolate,267-F12,UT,Vicky2-g11-267-F12B,branch_v,b,cluster_4,Southwest,84321,cluster_4-branch_v
X267.G2a,Vicky2.g10.267.G2A.mzXML.Peak.area,Vicky2-g10-267-G2A.mzXML,isolate,267-G2,CA,Vicky2-g10-267-G2A,branch_u,a,cluster_1,West,92694,cluster_1-branch_u
X267.G2b,Vicky2.g10.267.G2B.mzXML.Peak.area,Vicky2-g10-267-G2B.mzXML,isolate,267-G2,CA,Vicky2-g10-267-G2B,branch_u,b,cluster_1,West,92694,cluster_1-branch_u
X268.A6a,Vicky1.d9.268.A6A.mzXML.Peak.area,Vicky1-d9-268-A6A.mzXML,isolate,268-A6,CA,Vicky1-d9-268-A6A,branch_u,a,cluster_2,West,92675,cluster_2-branch_u
X268.A6b,Vicky1.d9.268.A6B.mzXML.Peak.area,Vicky1-d9-268-A6B.mzXML,isolate,268-A6,CA,Vicky1-d9-268-A6B,branch_u,b,cluster_2,West,92675,cluster_2-branch_u
X268.A8a,Vicky2.b4.268.A8A.mzXML.Peak.area,Vicky2-b4-268-A8A.mzXML,isolate,268-A8,CA,Vicky2-b4-268-A8A,branch_u,a,cluster_1,West,92675,cluster_1-branch_u
X268.A8b,Vicky2.b4.268.A8B.mzXML.Peak.area,Vicky2-b4-268-A8B.mzXML,isolate,268-A8,CA,Vicky2-b4-268-A8B,branch_u,b,cluster_1,West,92675,cluster_1-branch_u
X268.B1a,Vicky1.h2.268.B1A.mzXML.Peak.area,Vicky1-h2-268-B1A.mzXML,isolate,268-B1,CA,Vicky1-h2-268-B1A,branch_u,a,cluster_1,West,92694,cluster_1-branch_u
X268.B1b,Vicky1.h2.268.B1B.mzXML.Peak.area,Vicky1-h2-268-B1B.mzXML,isolate,268-B1,CA,Vicky1-h2-268-B1B,branch_u,b,cluster_1,West,92694,cluster_1-branch_u
X268.F1a,Vicky1.c1.268.F1A.mzXML.Peak.area,Vicky1-c1-268-F1A.mzXML,isolate,268-F1,UT,Vicky1-c1-268-F1A,branch_y,a,cluster_3,Southwest,84341,cluster_3-branch_y
X268.F1b,Vicky1.c1.268.F1B.mzXML.Peak.area,Vicky1-c1-268-F1B.mzXML,isolate,268-F1,UT,Vicky1-c1-268-F1B,branch_y,b,cluster_3,Southwest,84341,cluster_3-branch_y
X269.B2a,Vicky2.a1.269.B2A.mzXML.Peak.area,Vicky2-a1-269-B2A.mzXML,isolate,269-B2,WY,Vicky2-a1-269-B2A,branch_v,a,cluster_5,West North Central,82434,cluster_5-branch_v
X269.B2b,Vicky2.a1.269.B2B.mzXML.Peak.area,Vicky2-a1-269-B2B.mzXML,isolate,269-B2,WY,Vicky2-a1-269-B2B,branch_v,b,cluster_5,West North Central,82434,cluster_5-branch_v
X269.B4a,Vicky2.g3.269.B4A.mzXML.Peak.area,Vicky2-g3-269-B4A.mzXML,isolate,269-B4,WY,Vicky2-g3-269-B4A,branch_u,a,cluster_1,West North Central,82434,cluster_1-branch_u
X269.B4b,Vicky2.g3.269.B4B.mzXML.Peak.area,Vicky2-g3-269-B4B.mzXML,isolate,269-B4,WY,Vicky2-g3-269-B4B,branch_u,b,cluster_1,West North Central,82434,cluster_1-branch_u
X269.D2a,Vicky1.c2.269.D2A.mzXML.Peak.area,Vicky1-c2-269-D2A.mzXML,isolate,269-D2,UT,Vicky1-c2-269-D2A,branch_y,a,cluster_3,Southwest,84322,cluster_3-branch_y
X269.D2b,Vicky1.c2.269.D2B.mzXML.Peak.area,Vicky1-c2-269-D2B.mzXML,isolate,269-D2,UT,Vicky1-c2-269-D2B,branch_y,b,cluster_3,Southwest,84322,cluster_3-branch_y
X269.E10a,Vicky1.h5.269.E10A.mzXML.Peak.area,Vicky1-h5-269-E10A.mzXML,isolate,269-E10,UT,Vicky1-h5-269-E10A,branch_w,a,cluster_2,Southwest,84318,cluster_2-branch_w
X269.E10b,Vicky1.h5.269.E10B.mzXML.Peak.area,Vicky1-h5-269-E10B.mzXML,isolate,269-E10,UT,Vicky1-h5-269-E10B,branch_w,b,cluster_2,Southwest,84318,cluster_2-branch_w
X269.E9a,Vicky1.h4.269.E9A.mzXML.Peak.area,Vicky1-h4-269-E9A.mzXML,isolate,269-E9,UT,Vicky1-h4-269-E9A,branch_w,a,cluster_2,Southwest,84318,cluster_2-branch_w
X269.E9b,Vicky1.h4.269.E9B.mzXML.Peak.area,Vicky1-h4-269-E9B.mzXML,isolate,269-E9,UT,Vicky1-h4-269-E9B,branch_w,b,cluster_2,Southwest,84318,cluster_2-branch_w
X272.A11a,Vicky1.e6.272.A11A.mzXML.Peak.area,Vicky1-e6-272-A11A.mzXML,isolate,272-A11,CA,Vicky1-e6-272-A11A,branch_u,a,cluster_1,West,91351,cluster_1-branch_u
X272.A11b,Vicky1.e6.272.A11B.mzXML.Peak.area,Vicky1-e6-272-A11B.mzXML,isolate,272-A11,CA,Vicky1-e6-272-A11B,branch_u,b,cluster_1,West,91351,cluster_1-branch_u
X272.A8a,Vicky2.b3.272.A8A.mzXML.Peak.area,Vicky2-b3-272-A8A.mzXML,isolate,272-A8,CA,Vicky2-b3-272-A8A,branch_u,a,cluster_1,West,91351,cluster_1-branch_u
X272.A8b,Vicky2.b3.272.A8B.mzXML.Peak.area,Vicky2-b3-272-A8B.mzXML,isolate,272-A8,CA,Vicky2-b3-272-A8B,branch_u,b,cluster_1,West,91351,cluster_1-branch_u
X275.C3a,Vicky1.e4.275.C3A.mzXML.Peak.area,Vicky1-e4-275-C3A.mzXML,isolate,275-C3,MO,Vicky1-e4-275-C3A,branch_u,a,cluster_1,Central,64015,cluster_1-branch_u
X275.C3b,Vicky1.e4.275.C3B.mzXML.Peak.area,Vicky1-e4-275-C3B.mzXML,isolate,275-C3,MO,Vicky1-e4-275-C3B,branch_u,b,cluster_1,Central,64015,cluster_1-branch_u
X279.H6a,Vicky1.e3.279.H6A.mzXML.Peak.area,Vicky1-e3-279-H6A.mzXML,isolate,279-H6,WA,Vicky1-e3-279-H6A,branch_u,a,cluster_1,Northwest,99125,cluster_1-branch_u
X279.H6b,Vicky1.e3.279.H6B.mzXML.Peak.area,Vicky1-e3-279-H6B.mzXML,isolate,279-H6,WA,Vicky1-e3-279-H6B,branch_u,b,cluster_1,Northwest,99125,cluster_1-branch_u
X280.A8a,Vicky1.d5.280.A8A.mzXML.Peak.area,Vicky1-d5-280-A8A.mzXML,isolate,280-A8,CA,Vicky1-d5-280-A8A,branch_u,a,cluster_1,West,92570,cluster_1-branch_u
X280.A8b,Vicky1.d5.280.A8B.mzXML.Peak.area,Vicky1-d5-280-A8B.mzXML,isolate,280-A8,CA,Vicky1-d5-280-A8B,branch_u,b,cluster_1,West,92570,cluster_1-branch_u
X280.B9a,Vicky3.c1.280.B9A.mzXML.Peak.area,Vicky3-c1-280-B9A.mzXML,isolate,280-B9,CA,Vicky3-c1-280-B9A,branch_u,a,cluster_1,West,95125,cluster_1-branch_u
X280.B9b,Vicky3.c1.280.B9B.mzXML.Peak.area,Vicky3-c1-280-B9B.mzXML,isolate,280-B9,CA,Vicky3-c1-280-B9B,branch_u,b,cluster_1,West,95125,cluster_1-branch_u
X282.B3a,Vicky2.f1.282.B3A.mzXML.Peak.area,Vicky2-f1-282-B3A.mzXML,isolate,282-B3,UT,Vicky2-f1-282-B3A,branch_v,a,cluster_4,Southwest,84337,cluster_4-branch_v
X282.B3b,Vicky2.f1.282.B3B.mzXML.Peak.area,Vicky2-f1-282-B3B.mzXML,isolate,282-B3,UT,Vicky2-f1-282-B3B,branch_v,b,cluster_4,Southwest,84337,cluster_4-branch_v
X282.B6a,Vicky2.a12.282.B6A.mzXML.Peak.area,Vicky2-a12-282-B6A.mzXML,isolate,282-B6,UT,Vicky2-a12-282-B6A,branch_w,a,cluster_2,Southwest,84337,cluster_2-branch_w
X282.B6b,Vicky2.a12.282.B6B.mzXML.Peak.area,Vicky2-a12-282-B6B.mzXML,isolate,282-B6,UT,Vicky2-a12-282-B6B,branch_w,b,cluster_2,Southwest,84337,cluster_2-branch_w
X282.E10a,Vicky1.e7.282.E10A.mzXML.Peak.area,Vicky1-e7-282-E10A.mzXML,isolate,282-E10,MD,Vicky1-e7-282-E10A,branch_u,a,cluster_1,Northeast,21219,cluster_1-branch_u
X282.E10b,Vicky1.e7.282.E10B.mzXML.Peak.area,Vicky1-e7-282-E10B.mzXML,isolate,282-E10,MD,Vicky1-e7-282-E10B,branch_u,b,cluster_1,Northeast,21219,cluster_1-branch_u
X286.G9a,Vicky2.c3.286.G9A.mzXML.Peak.area,Vicky2-c3-286-G9A.mzXML,isolate,286-G9,OH,Vicky2-c3-286-G9A,branch_x,a,cluster_2,Central,44621,cluster_2-branch_x
X286.G9b,Vicky2.c3.286.G9B.mzXML.Peak.area,Vicky2-c3-286-G9B.mzXML,isolate,286-G9,OH,Vicky2-c3-286-G9B,branch_x,b,cluster_2,Central,44621,cluster_2-branch_x
X295.C11a,Vicky2.e1.295.C11A.mzXML.Peak.area,Vicky2-e1-295-C11A.mzXML,isolate,295-C11,ID,Vicky2-e1-295-C11A,branch_v,a,cluster_4,Northwest,83301,cluster_4-branch_v
X295.C11b,Vicky2.e1.295.C11B.mzXML.Peak.area,Vicky2-e1-295-C11B.mzXML,isolate,295-C11,ID,Vicky2-e1-295-C11B,branch_v,b,cluster_4,Northwest,83301,cluster_4-branch_v
X296.H5a,Vicky2.g1.296.H5A.mzXML.Peak.area,Vicky2-g1-296-H5A.mzXML,isolate,296-H5,UT,Vicky2-g1-296-H5A,branch_v,a,cluster_4,Southwest,84041,cluster_4-branch_v
X296.H5b,Vicky2.g1.296.H5B.mzXML.Peak.area,Vicky2-g1-296-H5B.mzXML,isolate,296-H5,UT,Vicky2-g1-296-H5B,branch_v,b,cluster_4,Southwest,84041,cluster_4-branch_v
X306.B5a,Vicky1.d6.306.B5A.mzXML.Peak.area,Vicky1-d6-306-B5A.mzXML,isolate,306-B5,AZ,Vicky1-d6-306-B5A,branch_u,a,cluster_2,Southwest,85255,cluster_2-branch_u
X306.B5b,Vicky1.d6.306.B5B.mzXML.Peak.area,Vicky1-d6-306-B5B.mzXML,isolate,306-B5,AZ,Vicky1-d6-306-B5B,branch_u,b,cluster_2,Southwest,85255,cluster_2-branch_u
X307.A3a,Vicky1.e2.307.A3A.mzXML.Peak.area,Vicky1-e2-307-A3A.mzXML,isolate,307-A3,MO,Vicky1-e2-307-A3A,branch_u,a,cluster_1,Central,64015,cluster_1-branch_u
X307.A3b,Vicky1.e2.307.A3B.mzXML.Peak.area,Vicky1-e2-307-A3B.mzXML,isolate,307-A3,MO,Vicky1-e2-307-A3B,branch_u,b,cluster_1,Central,64015,cluster_1-branch_u
X307.C11a,Vicky1.d4.307.C11A.mzXML.Peak.area,Vicky1-d4-307-C11A.mzXML,isolate,307-C11,CA,Vicky1-d4-307-C11A,branch_u,a,cluster_1,West,95125,cluster_1-branch_u
X307.C11b,Vicky1.d4.307.C11B.mzXML.Peak.area,Vicky1-d4-307-C11B.mzXML,isolate,307-C11,CA,Vicky1-d4-307-C11B,branch_u,b,cluster_1,West,95125,cluster_1-branch_u
X308.A12a,Vicky2.e4.308.A12A.mzXML.Peak.area,Vicky2-e4-308-A12A.mzXML,isolate,308-A12,CO,Vicky2-e4-308-A12A,branch_v,a,cluster_4,Southwest,80401,cluster_4-branch_v
X308.A12b,Vicky2.e4.308.A12B.mzXML.Peak.area,Vicky2-e4-308-A12B.mzXML,isolate,308-A12,CO,Vicky2-e4-308-A12B,branch_v,b,cluster_4,Southwest,80401,cluster_4-branch_v
X308.G8a,Vicky3.a1.308.G8A.mzXML.Peak.area,Vicky3-a1-308-G8A.mzXML,isolate,308-G8,CA,Vicky3-a1-308-G8A,branch_u,a,cluster_1,West,95673,cluster_1-branch_u
X308.G8b,Vicky3.a1.308.G8B.mzXML.Peak.area,Vicky3-a1-308-G8B.mzXML,isolate,308-G8,CA,Vicky3-a1-308-G8B,branch_u,b,cluster_2,West,95673,cluster_2-branch_u
X310.A12a,Vicky2.h1.310.A12A.mzXML.Peak.area,Vicky2-h1-310-A12A.mzXML,isolate,310-A12,AZ,Vicky2-h1-310-A12A,branch_v,a,cluster_5,Southwest,85086,cluster_5-branch_v
X310.A12b,Vicky2.h1.310.A12B.mzXML.Peak.area,Vicky2-h1-310-A12B.mzXML,isolate,310-A12,AZ,Vicky2-h1-310-A12B,branch_v,b,cluster_5,Southwest,85086,cluster_5-branch_v
X310.G10a,Vicky1.c6.310.G10A.mzXML.Peak.area,Vicky1-c6-310-G10A.mzXML,isolate,310-G10,OK,Vicky1-c6-310-G10A,branch_u,a,cluster_1,South,73119,cluster_1-branch_u
X310.G10b,Vicky1.c6.310.G10B.mzXML.Peak.area,Vicky1-c6-310-G10B.mzXML,isolate,310-G10,OK,Vicky1-c6-310-G10B,branch_u,b,cluster_1,South,73119,cluster_1-branch_u
X315.H8a,Vicky2.h8.315.H8B.mzXML.Peak.area,Vicky2-h8-315-H8B.mzXML,isolate,315-H8,CO,Vicky2-h8-315-H8B,branch_v,a,cluster_4,Southwest,81101,cluster_4-branch_v
X315.H8b,Vicky2.h8.315.H8A.mzXML.Peak.area,Vicky2-h8-315-H8A.mzXML,isolate,315-H8,CO,Vicky2-h8-315-H8A,branch_v,b,cluster_4,Southwest,81101,cluster_4-branch_v
X316.E1a,Vicky1.d8.316.E1A.mzXML.Peak.area,Vicky1-d8-316-E1A.mzXML,isolate,316-E1,NV,Vicky1-d8-316-E1A,branch_u,a,cluster_1,West,89406,cluster_1-branch_u
X316.E1b,Vicky1.d8.316.E1B.mzXML.Peak.area,Vicky1-d8-316-E1B.mzXML,isolate,316-E1,NV,Vicky1-d8-316-E1B,branch_u,b,cluster_1,West,89406,cluster_1-branch_u
X316.E2a,Vicky1.c7.316.E2A.mzXML.Peak.area,Vicky1-c7-316-E2A.mzXML,isolate,316-E2,NV,Vicky1-c7-316-E2A,branch_u,a,cluster_1,West,89406,cluster_1-branch_u
X316.E2b,Vicky1.c7.316.E2B.mzXML.Peak.area,Vicky1-c7-316-E2B.mzXML,isolate,316-E2,NV,Vicky1-c7-316-E2B,branch_u,b,cluster_1,West,89406,cluster_1-branch_u
X319.E8a,Vicky1.f12.319.E8A.mzXML.Peak.area,Vicky1-f12-319-E8A.mzXML,isolate,319-E8,CT,Vicky1-f12-319-E8A,branch_u,a,cluster_1,Northeast,6902,cluster_1-branch_u
X319.E8b,Vicky1.f12.319.E8B.mzXML.Peak.area,Vicky1-f12-319-E8B.mzXML,isolate,319-E8,CT,Vicky1-f12-319-E8B,branch_u,b,cluster_1,Northeast,6902,cluster_1-branch_u
X323.A8a,Vicky2.g5.323.A8A.mzXML.Peak.area,Vicky2-g5-323-A8A.mzXML,isolate,323-A8,WA,Vicky2-g5-323-A8A,branch_v,a,cluster_2,Northwest,99166,cluster_2-branch_v
X323.A8b,Vicky2.g5.323.A8B.mzXML.Peak.area,Vicky2-g5-323-A8B.mzXML,isolate,323-A8,WA,Vicky2-g5-323-A8B,branch_v,b,cluster_2,Northwest,99166,cluster_2-branch_v
X325.E11a,Vicky2.c2.325.E11A.mzXML.Peak.area,Vicky2-c2-325-E11A.mzXML,isolate,325-E11,TX,Vicky2-c2-325-E11A,branch_x,a,cluster_6,South,75218,cluster_6-branch_x
X325.E11b,Vicky2.c2.325.E11B.mzXML.Peak.area,Vicky2-c2-325-E11B.mzXML,isolate,325-E11,TX,Vicky2-c2-325-E11B,branch_x,b,cluster_6,South,75218,cluster_6-branch_x
X326.C4a,Vicky2.h6.326.C4B.mzXML.Peak.area,Vicky2-h6-326-C4B.mzXML,isolate,326-C4,NV,Vicky2-h6-326-C4B,branch_v,a,cluster_5,West,89436,cluster_5-branch_v
X326.C4b,Vicky2.h6.326.C4A.mzXML.Peak.area,Vicky2-h6-326-C4A.mzXML,isolate,326-C4,NV,Vicky2-h6-326-C4A,branch_v,b,cluster_5,West,89436,cluster_5-branch_v
X330.C2a,Vicky1.g2.330.C2A.mzXML.Peak.area,Vicky1-g2-330-C2A.mzXML,isolate,330-C2,IL,Vicky1-g2-330-C2A,branch_u,a,cluster_1,Central,60304,cluster_1-branch_u
X330.C2b,Vicky1.g2.330.C2B.mzXML.Peak.area,Vicky1-g2-330-C2B.mzXML,isolate,330-C2,IL,Vicky1-g2-330-C2B,branch_u,b,cluster_1,Central,60304,cluster_1-branch_u
X331.B9a,Vicky3.a3.331.B9A.mzXML.Peak.area,Vicky3-a3-331-B9A.mzXML,isolate,331-B9,FL,Vicky3-a3-331-B9A,branch_u,a,cluster_2,Southeast,32578,cluster_2-branch_u
X331.B9b,Vicky3.a3.331.B9B.mzXML.Peak.area,Vicky3-a3-331-B9B.mzXML,isolate,331-B9,FL,Vicky3-a3-331-B9B,branch_u,b,cluster_2,Southeast,32578,cluster_2-branch_u
X331.G7a,Vicky1.g4.331.G7A.mzXML.Peak.area,Vicky1-g4-331-G7A.mzXML,isolate,331-G7,UT,Vicky1-g4-331-G7A,branch_u,a,cluster_1,Southwest,84651,cluster_1-branch_u
X331.G7b,Vicky1.g4.331.G7B.mzXML.Peak.area,Vicky1-g4-331-G7B.mzXML,isolate,331-G7,UT,Vicky1-g4-331-G7B,branch_u,b,cluster_1,Southwest,84651,cluster_1-branch_u
X333.A8a,Vicky2.f6.333.A8A.mzXML.Peak.area,Vicky2-f6-333-A8A.mzXML,isolate,333-A8,AZ,Vicky2-f6-333-A8A,branch_v,a,cluster_5,Southwest,85013,cluster_5-branch_v
X333.A8b,Vicky2.f6.333.A8B.mzXML.Peak.area,Vicky2-f6-333-A8B.mzXML,isolate,333-A8,AZ,Vicky2-f6-333-A8B,branch_v,b,cluster_5,Southwest,85013,cluster_5-branch_v
X333.E11a,Vicky1.g1.333.E11A.mzXML.Peak.area,Vicky1-g1-333-E11A.mzXML,isolate,333-E11,OK,Vicky1-g1-333-E11A,branch_u,a,cluster_2,South,73112,cluster_2-branch_u
X333.E11b,Vicky1.g1.333.E11B.mzXML.Peak.area,Vicky1-g1-333-E11B.mzXML,isolate,333-E11,OK,Vicky1-g1-333-E11B,branch_u,b,cluster_1,South,73112,cluster_1-branch_u
X334.A8a,Vicky1.g12.334.A8A.mzXML.Peak.area,Vicky1-g12-334-A8A.mzXML,isolate,334-A8,UT,Vicky1-g12-334-A8A,branch_w,a,cluster_2,Southwest,84321,cluster_2-branch_w
X334.A8b,Vicky1.g12.334.A8B.mzXML.Peak.area,Vicky1-g12-334-A8B.mzXML,isolate,334-A8,UT,Vicky1-g12-334-A8B,branch_w,b,cluster_2,Southwest,84321,cluster_2-branch_w
X335.F9a,Vicky2.d7.335.F9A.mzXML.Peak.area,Vicky2-d7-335-F9A.mzXML,isolate,335-F9,NY,Vicky2-d7-335-F9A,branch_v,a,cluster_4,Northeast,10709,cluster_4-branch_v
X335.F9b,Vicky2.d7.335.F9B.mzXML.Peak.area,Vicky2-d7-335-F9B.mzXML,isolate,335-F9,NY,Vicky2-d7-335-F9B,branch_v,b,cluster_4,Northeast,10709,cluster_4-branch_v
X337.A5a,Vicky1.f2.337.A5A.mzXML.Peak.area,Vicky1-f2-337-A5A.mzXML,isolate,337-A5,AZ,Vicky1-f2-337-A5A,branch_u,a,cluster_1,Southwest,85637,cluster_1-branch_u
X337.A5b,Vicky1.f2.337.A5B.mzXML.Peak.area,Vicky1-f2-337-A5B.mzXML,isolate,337-A5,AZ,Vicky1-f2-337-A5B,branch_u,b,cluster_1,Southwest,85637,cluster_1-branch_u
X337.B2a,Vicky1.g6.337.B2A.mzXML.Peak.area,Vicky1-g6-337-B2A.mzXML,isolate,337-B2,AL,Vicky1-g6-337-B2A,branch_u,a,cluster_1,Southeast,36083,cluster_1-branch_u
X337.B2b,Vicky1.g6.337.B2B.mzXML.Peak.area,Vicky1-g6-337-B2B.mzXML,isolate,337-B2,AL,Vicky1-g6-337-B2B,branch_u,b,cluster_1,Southeast,36083,cluster_1-branch_u
X339.A11a,Vicky2.h2.339.A11B.mzXML.Peak.area,Vicky2-h2-339-A11B.mzXML,isolate,339-A11,AZ,Vicky2-h2-339-A11B,branch_u,a,cluster_1,Southwest,85006,cluster_1-branch_u
X339.A11b,Vicky2.h2.339.A11A.mzXML.Peak.area,Vicky2-h2-339-A11A.mzXML,isolate,339-A11,AZ,Vicky2-h2-339-A11A,branch_u,b,cluster_1,Southwest,85006,cluster_1-branch_u
X339.F8a,Vicky2.d8.339.F8A.mzXML.Peak.area,Vicky2-d8-339-F8A.mzXML,isolate,339-F8,OR,Vicky2-d8-339-F8A,branch_v,a,cluster_4,Northwest,97216,cluster_4-branch_v
X339.F8b,Vicky2.d8.339.F8B.mzXML.Peak.area,Vicky2-d8-339-F8B.mzXML,isolate,339-F8,OR,Vicky2-d8-339-F8B,branch_v,b,cluster_4,Northwest,97216,cluster_4-branch_v
X340.B7a,Vicky3.a7.340.B7A.mzXML.Peak.area,Vicky3-a7-340-B7A.mzXML,isolate,340-B7,AZ,Vicky3-a7-340-B7A,branch_u,a,cluster_1,Southwest,85006,cluster_1-branch_u
X340.B7b,Vicky3.a7.340.B7B.mzXML.Peak.area,Vicky3-a7-340-B7B.mzXML,isolate,340-B7,AZ,Vicky3-a7-340-B7B,branch_u,b,cluster_1,Southwest,85006,cluster_1-branch_u
X342.G4a,Vicky1.f3.342.G4A.mzXML.Peak.area,Vicky1-f3-342-G4A.mzXML,isolate,342-G4,OK,Vicky1-f3-342-G4A,branch_u,a,cluster_1,South,74047,cluster_1-branch_u
X342.G4b,Vicky1.f3.342.G4B.mzXML.Peak.area,Vicky1-f3-342-G4B.mzXML,isolate,342-G4,OK,Vicky1-f3-342-G4B,branch_u,b,cluster_1,South,74047,cluster_1-branch_u
X342.G5a,Vicky1.g7.342.G5A.mzXML.Peak.area,Vicky1-g7-342-G5A.mzXML,isolate,342-G5,OK,Vicky1-g7-342-G5A,branch_u,a,cluster_1,South,74047,cluster_1-branch_u
X342.G5b,Vicky1.g7.342.G5B.mzXML.Peak.area,Vicky1-g7-342-G5B.mzXML,isolate,342-G5,OK,Vicky1-g7-342-G5B,branch_u,b,cluster_1,South,74047,cluster_1-branch_u
X346.A6a,Vicky1.h8.346.A6A.mzXML.Peak.area,Vicky1-h8-346-A6A.mzXML,isolate,346-A6,AZ,Vicky1-h8-346-A6A,branch_u,a,cluster_1,Southwest,85006,cluster_1-branch_u
X346.A6b,Vicky1.h8.346.A6B.mzXML.Peak.area,Vicky1-h8-346-A6B.mzXML,isolate,346-A6,AZ,Vicky1-h8-346-A6B,branch_u,b,cluster_1,Southwest,85006,cluster_1-branch_u
X347.B1a,Vicky2.f9.347.B1A.mzXML.Peak.area,Vicky2-f9-347-B1A.mzXML,isolate,347-B1,CA,Vicky2-f9-347-B1A,branch_v,a,cluster_5,West,92373,cluster_5-branch_v
X347.B1b,Vicky2.f9.347.B1B.mzXML.Peak.area,Vicky2-f9-347-B1B.mzXML,isolate,347-B1,CA,Vicky2-f9-347-B1B,branch_v,b,cluster_5,West,92373,cluster_5-branch_v
X347.D10a,Vicky1.g9.347.D10A.mzXML.Peak.area,Vicky1-g9-347-D10A.mzXML,isolate,347-D10,OK,Vicky1-g9-347-D10A,branch_u,a,cluster_1,South,73055,cluster_1-branch_u
X347.D10b,Vicky1.g9.347.D10B.mzXML.Peak.area,Vicky1-g9-347-D10B.mzXML,isolate,347-D10,OK,Vicky1-g9-347-D10B,branch_u,b,cluster_1,South,73055,cluster_1-branch_u
X347.D12a,Vicky1.f4.347.D12A.mzXML.Peak.area,Vicky1-f4-347-D12A.mzXML,isolate,347-D12,NE,Vicky1-f4-347-D12A,branch_u,a,cluster_1,West North Central,68901,cluster_1-branch_u
X347.D12b,Vicky1.f4.347.D12B.mzXML.Peak.area,Vicky1-f4-347-D12B.mzXML,isolate,347-D12,NE,Vicky1-f4-347-D12B,branch_u,b,cluster_1,West North Central,68901,cluster_1-branch_u
X348.B5a,Vicky2.g8.348.B5A.mzXML.Peak.area,Vicky2-g8-348-B5A.mzXML,isolate,348-B5,CA,Vicky2-g8-348-B5A,branch_v,a,cluster_5,West,95110,cluster_5-branch_v
X348.B5b,Vicky2.g8.348.B5B.mzXML.Peak.area,Vicky2-g8-348-B5B.mzXML,isolate,348-B5,CA,Vicky2-g8-348-B5B,branch_v,b,cluster_5,West,95110,cluster_5-branch_v
X349.G2a,Vicky1.h7.349.G2A.mzXML.Peak.area,Vicky1-h7-349-G2A.mzXML,isolate,349-G2,TX,Vicky1-h7-349-G2A,branch_u,a,cluster_1,South,77511,cluster_1-branch_u
X349.G2b,Vicky1.h7.349.G2B.mzXML.Peak.area,Vicky1-h7-349-G2B.mzXML,isolate,349-G2,TX,Vicky1-h7-349-G2B,branch_u,b,cluster_1,South,77511,cluster_1-branch_u
X352.A7a,Vicky1.g8.352.A7A.mzXML.Peak.area,Vicky1-g8-352-A7A.mzXML,isolate,352-A7,CA,Vicky1-g8-352-A7A,branch_u,a,cluster_1,West,92705,cluster_1-branch_u
X352.A7b,Vicky1.g8.352.A7B.mzXML.Peak.area,Vicky1-g8-352-A7B.mzXML,isolate,352-A7,CA,Vicky1-g8-352-A7B,branch_u,b,cluster_1,West,92705,cluster_1-branch_u
X353.E9a,Vicky2.a7.353.E9A.mzXML.Peak.area,Vicky2-a7-353-E9A.mzXML,isolate,353-E9,MT,Vicky2-a7-353-E9A,branch_u,a,cluster_1,West North Central,59054,cluster_1-branch_u
X353.E9b,Vicky2.a7.353.E9B.mzXML.Peak.area,Vicky2-a7-353-E9B.mzXML,isolate,353-E9,MT,Vicky2-a7-353-E9B,branch_u,b,cluster_1,West North Central,59054,cluster_1-branch_u
X354.B6a,Vicky2.a6.354.B6A.mzXML.Peak.area,Vicky2-a6-354-B6A.mzXML,isolate,354-B6,OH,Vicky2-a6-354-B6A,branch_x,a,cluster_6,Central,44266,cluster_6-branch_x
X354.B6b,Vicky2.a6.354.B6B.mzXML.Peak.area,Vicky2-a6-354-B6B.mzXML,isolate,354-B6,OH,Vicky2-a6-354-B6B,branch_x,b,cluster_6,Central,44266,cluster_6-branch_x
X355.B5a,Vicky2.e5.355.B5A.mzXML.Peak.area,Vicky2-e5-355-B5A.mzXML,isolate,355-B5,UT,Vicky2-e5-355-B5A,branch_w,a,cluster_2,Southwest,84321,cluster_2-branch_w
X355.B5b,Vicky2.e5.355.B5B.mzXML.Peak.area,Vicky2-e5-355-B5B.mzXML,isolate,355-B5,UT,Vicky2-e5-355-B5B,branch_w,b,cluster_2,Southwest,84321,cluster_2-branch_w
X355.B6a,Vicky2.e9.355.B6A.mzXML.Peak.area,Vicky2-e9-355-B6A.mzXML,isolate,355-B6,UT,Vicky2-e9-355-B6A,branch_v,a,cluster_4,Southwest,84321,cluster_4-branch_v
X355.B6b,Vicky2.e9.355.B6B.mzXML.Peak.area,Vicky2-e9-355-B6B.mzXML,isolate,355-B6,UT,Vicky2-e9-355-B6B,branch_v,b,cluster_4,Southwest,84321,cluster_4-branch_v
X355.C2a,Vicky2.d6.355.C2A.mzXML.Peak.area,Vicky2-d6-355-C2A.mzXML,isolate,355-C2,UT,Vicky2-d6-355-C2A,branch_u,a,cluster_1,Southwest,84321,cluster_1-branch_u
X355.C2b,Vicky2.d6.355.C2B.mzXML.Peak.area,Vicky2-d6-355-C2B.mzXML,isolate,355-C2,UT,Vicky2-d6-355-C2B,branch_u,b,cluster_1,Southwest,84321,cluster_1-branch_u
X356.B9a,Vicky3.b4.356.B9A.mzXML.Peak.area,Vicky3-b4-356-B9A.mzXML,isolate,356-B9,UT,Vicky3-b4-356-B9A,branch_v,a,cluster_4,Southwest,84042,cluster_4-branch_v
X356.B9b,Vicky3.b4.356.B9B.mzXML.Peak.area,Vicky3-b4-356-B9B.mzXML,isolate,356-B9,UT,Vicky3-b4-356-B9B,branch_v,b,cluster_4,Southwest,84042,cluster_4-branch_v
X356.F7a,Vicky2.g6.356.F7A.mzXML.Peak.area,Vicky2-g6-356-F7A.mzXML,isolate,356-F7,ID,Vicky2-g6-356-F7A,branch_v,a,cluster_4,Northwest,83669,cluster_4-branch_v
X356.F7b,Vicky2.g6.356.F7B.mzXML.Peak.area,Vicky2-g6-356-F7B.mzXML,isolate,356-F7,ID,Vicky2-g6-356-F7B,branch_v,b,cluster_4,Northwest,83669,cluster_4-branch_v
X356.G10a,Vicky3.a5.356.G10A.mzXML.Peak.area,Vicky3-a5-356-G10A.mzXML,isolate,356-G10,IL,Vicky3-a5-356-G10A,branch_u,a,cluster_2,Central,62269,cluster_2-branch_u
X356.G10b,Vicky3.a5.356.G10B.mzXML.Peak.area,Vicky3-a5-356-G10B.mzXML,isolate,356-G10,IL,Vicky3-a5-356-G10B,branch_u,b,cluster_1,Central,62269,cluster_1-branch_u
X358.H1a,Vicky2.h7.358.H1B.mzXML.Peak.area,Vicky2-h7-358-H1B.mzXML,isolate,358-H1,OR,Vicky2-h7-358-H1B,branch_v,a,cluster_4,Northwest,97470,cluster_4-branch_v
X358.H1b,Vicky2.h7.358.H1A.mzXML.Peak.area,Vicky2-h7-358-H1A.mzXML,isolate,358-H1,OR,Vicky2-h7-358-H1A,branch_v,b,cluster_4,Northwest,97470,cluster_4-branch_v
X359.A3a,Vicky3.b5.359.A3A.mzXML.Peak.area,Vicky3-b5-359-A3A.mzXML,isolate,359-A3,CA,Vicky3-b5-359-A3A,branch_u,a,cluster_1,West,93065,cluster_1-branch_u
X359.A3b,Vicky3.b5.359.A3B.mzXML.Peak.area,Vicky3-b5-359-A3B.mzXML,isolate,359-A3,CA,Vicky3-b5-359-A3B,branch_u,b,cluster_1,West,93065,cluster_1-branch_u
X359.A7a,Vicky2.h5.359.A7B.mzXML.Peak.area,Vicky2-h5-359-A7B.mzXML,isolate,359-A7,CA,Vicky2-h5-359-A7B,branch_u,a,cluster_1,West,93065,cluster_1-branch_u
X359.A7b,Vicky2.h5.359.A7A.mzXML.Peak.area,Vicky2-h5-359-A7A.mzXML,isolate,359-A7,CA,Vicky2-h5-359-A7A,branch_u,b,cluster_1,West,93065,cluster_1-branch_u
X359.B7a,Vicky2.f7.359.B7A.mzXML.Peak.area,Vicky2-f7-359-B7A.mzXML,isolate,359-B7,CA,Vicky2-f7-359-B7A,branch_v,a,cluster_5,West,93065,cluster_5-branch_v
X359.B7b,Vicky2.f7.359.B7B.mzXML.Peak.area,Vicky2-f7-359-B7B.mzXML,isolate,359-B7,CA,Vicky2-f7-359-B7B,branch_v,b,cluster_5,West,93065,cluster_5-branch_v
X359.B9a,Vicky2.h3.359.B9B.mzXML.Peak.area,Vicky2-h3-359-B9B.mzXML,isolate,359-B9,CA,Vicky2-h3-359-B9B,branch_u,a,cluster_1,West,93065,cluster_1-branch_u
X359.B9b,Vicky2.h3.359.B9A.mzXML.Peak.area,Vicky2-h3-359-B9A.mzXML,isolate,359-B9,CA,Vicky2-h3-359-B9A,branch_u,b,cluster_1,West,93065,cluster_1-branch_u
X359.D5a,Vicky3.a6.359.D5A.mzXML.Peak.area,Vicky3-a6-359-D5A.mzXML,isolate,359-D5,CA,Vicky3-a6-359-D5A,branch_u,a,cluster_1,West,93065,cluster_1-branch_u
X359.D5b,Vicky3.a6.359.D5B.mzXML.Peak.area,Vicky3-a6-359-D5B.mzXML,isolate,359-D5,CA,Vicky3-a6-359-D5B,branch_u,b,cluster_1,West,93065,cluster_1-branch_u
X360.C1a,Vicky2.f4.360.C1A.mzXML.Peak.area,Vicky2-f4-360-C1A.mzXML,isolate,360-C1,CO,Vicky2-f4-360-C1A,branch_u,a,cluster_1,Southwest,80911,cluster_1-branch_u
X360.C1b,Vicky2.f4.360.C1B.mzXML.Peak.area,Vicky2-f4-360-C1B.mzXML,isolate,360-C1,CO,Vicky2-f4-360-C1B,branch_u,b,cluster_1,Southwest,80911,cluster_1-branch_u
X360.F7a,Vicky2.b10.360.F7A.mzXML.Peak.area,Vicky2-b10-360-F7A.mzXML,isolate,360-F7,MO,Vicky2-b10-360-F7A,branch_x,a,cluster_6,Central,64015,cluster_6-branch_x
X360.F7b,Vicky2.b10.360.F7B.mzXML.Peak.area,Vicky2-b10-360-F7B.mzXML,isolate,360-F7,MO,Vicky2-b10-360-F7B,branch_x,b,cluster_6,Central,64015,cluster_6-branch_x
X361.E4a,Vicky2.e7.361.E4A.mzXML.Peak.area,Vicky2-e7-361-E4A.mzXML,isolate,361-E4,MO,Vicky2-e7-361-E4A,branch_u,a,cluster_2,Central,64064,cluster_2-branch_u
X361.E4b,Vicky2.e7.361.E4B.mzXML.Peak.area,Vicky2-e7-361-E4B.mzXML,isolate,361-E4,MO,Vicky2-e7-361-E4B,branch_u,b,cluster_2,Central,64064,cluster_2-branch_u
X361.G5a,Vicky2.c1.361.G5A.mzXML.Peak.area,Vicky2-c1-361-G5A.mzXML,isolate,361-G5,MO,Vicky2-c1-361-G5A,branch_x,a,cluster_2,Central,64064,cluster_2-branch_x
X361.G5b,Vicky2.c1.361.G5B.mzXML.Peak.area,Vicky2-c1-361-G5B.mzXML,isolate,361-G5,MO,Vicky2-c1-361-G5B,branch_x,b,cluster_2,Central,64064,cluster_2-branch_x
X362.C3a,Vicky2.f5.362.C3A.mzXML.Peak.area,Vicky2-f5-362-C3A.mzXML,isolate,362-C3,UT,Vicky2-f5-362-C3A,branch_v,a,cluster_2,Southwest,84088,cluster_2-branch_v
X362.C3b,Vicky2.f5.362.C3B.mzXML.Peak.area,Vicky2-f5-362-C3B.mzXML,isolate,362-C3,UT,Vicky2-f5-362-C3B,branch_v,b,cluster_2,Southwest,84088,cluster_2-branch_v
X365.C8a,Vicky2.e11.365.C8A.mzXML.Peak.area,Vicky2-e11-365-C8A.mzXML,isolate,365-C8,MO,Vicky2-e11-365-C8A,branch_v,a,cluster_4,Central,64015,cluster_4-branch_v
X365.C8b,Vicky2.e11.365.C8B.mzXML.Peak.area,Vicky2-e11-365-C8B.mzXML,isolate,365-C8,MO,Vicky2-e11-365-C8B,branch_v,b,cluster_4,Central,64015,cluster_4-branch_v
X365.D8a,Vicky3.a12.365.D8A.mzXML.Peak.area,Vicky3-a12-365-D8A.mzXML,isolate,365-D8,MO,Vicky3-a12-365-D8A,branch_y,a,cluster_2,Central,64015,cluster_2-branch_y
X365.D8b,Vicky3.a12.365.D8B.mzXML.Peak.area,Vicky3-a12-365-D8B.mzXML,isolate,365-D8,MO,Vicky3-a12-365-D8B,branch_y,b,cluster_2,Central,64015,cluster_2-branch_y
X365.D9a,Vicky2.e6.365.D9A.mzXML.Peak.area,Vicky2-e6-365-D9A.mzXML,isolate,365-D9,MO,Vicky2-e6-365-D9A,branch_u,a,cluster_1,Central,64015,cluster_1-branch_u
X365.D9b,Vicky2.e6.365.D9B.mzXML.Peak.area,Vicky2-e6-365-D9B.mzXML,isolate,365-D9,MO,Vicky2-e6-365-D9B,branch_u,b,cluster_1,Central,64015,cluster_1-branch_u
X365.G7a,Vicky2.f8.365.G7A.mzXML.Peak.area,Vicky2-f8-365-G7A.mzXML,isolate,365-G7,CA,Vicky2-f8-365-G7A,branch_v,a,cluster_5,West,92505,cluster_5-branch_v
X365.G7b,Vicky2.f8.365.G7B.mzXML.Peak.area,Vicky2-f8-365-G7B.mzXML,isolate,365-G7,CA,Vicky2-f8-365-G7B,branch_v,b,cluster_5,West,92505,cluster_5-branch_v
X366.D1a,Vicky2.h4.366.D1B.mzXML.Peak.area,Vicky2-h4-366-D1B.mzXML,isolate,366-D1,MT,Vicky2-h4-366-D1B,branch_w,a,cluster_2,West North Central,59054,cluster_2-branch_w
X366.D1b,Vicky2.h4.366.D1A.mzXML.Peak.area,Vicky2-h4-366-D1A.mzXML,isolate,366-D1,MT,Vicky2-h4-366-D1A,branch_w,b,cluster_2,West North Central,59054,cluster_2-branch_w
X369.C2a,Vicky2.b12.369.C2A.mzXML.Peak.area,Vicky2-b12-369-C2A.mzXML,isolate,369-C2,TX,Vicky2-b12-369-C2A,branch_x,a,cluster_6,South,75218,cluster_6-branch_x
X369.C2b,Vicky2.b12.369.C2B.mzXML.Peak.area,Vicky2-b12-369-C2B.mzXML,isolate,369-C2,TX,Vicky2-b12-369-C2B,branch_x,b,cluster_6,South,75218,cluster_6-branch_x
X372.F4a,Vicky1.g5.372.F4A.mzXML.Peak.area,Vicky1-g5-372-F4A.mzXML,isolate,372-F4,CT,Vicky1-g5-372-F4A,branch_u,a,cluster_1,Northeast,6902,cluster_1-branch_u
X372.F4b,Vicky1.g5.372.F4B.mzXML.Peak.area,Vicky1-g5-372-F4B.mzXML,isolate,372-F4,CT,Vicky1-g5-372-F4B,branch_u,b,cluster_1,Northeast,6902,cluster_1-branch_u
X374.F7a,Vicky2.d12.374.F7A.mzXML.Peak.area,Vicky2-d12-374-F7A.mzXML,isolate,374-F7,ND,Vicky2-d12-374-F7A,branch_u,a,cluster_1,Southeast,58040,cluster_1-branch_u
X374.F7b,Vicky2.d12.374.F7B.mzXML.Peak.area,Vicky2-d12-374-F7B.mzXML,isolate,374-F7,ND,Vicky2-d12-374-F7B,branch_u,b,cluster_1,Southeast,58040,cluster_1-branch_u
X380.A8a,Vicky2.a8.380.A8A.mzXML.Peak.area,Vicky2-a8-380-A8A.mzXML,isolate,380-A8,TX,Vicky2-a8-380-A8A,branch_u,a,cluster_1,South,78596,cluster_1-branch_u
X380.A8b,Vicky2.a8.380.A8B.mzXML.Peak.area,Vicky2-a8-380-A8B.mzXML,isolate,380-A8,TX,Vicky2-a8-380-A8B,branch_u,b,cluster_1,South,78596,cluster_1-branch_u
X380.H8a,Vicky1.g3.380.H8A.mzXML.Peak.area,Vicky1-g3-380-H8A.mzXML,isolate,380-H8,CA,Vicky1-g3-380-H8A,branch_u,a,cluster_1,West,90720,cluster_1-branch_u
X380.H8b,Vicky1.g3.380.H8B.mzXML.Peak.area,Vicky1-g3-380-H8B.mzXML,isolate,380-H8,CA,Vicky1-g3-380-H8B,branch_u,b,cluster_1,West,90720,cluster_1-branch_u
X382.E5a,Vicky2.e10.382.E5A.mzXML.Peak.area,Vicky2-e10-382-E5A.mzXML,isolate,382-E5,CA,Vicky2-e10-382-E5A,branch_v,a,cluster_5,West,91768,cluster_5-branch_v
X382.E5b,Vicky2.e10.382.E5B.mzXML.Peak.area,Vicky2-e10-382-E5B.mzXML,isolate,382-E5,CA,Vicky2-e10-382-E5B,branch_v,b,cluster_5,West,91768,cluster_5-branch_v
X382.E6a,Vicky2.d10.382.E6A.mzXML.Peak.area,Vicky2-d10-382-E6A.mzXML,isolate,382-E6,CA,Vicky2-d10-382-E6A,branch_v,a,cluster_5,West,91768,cluster_5-branch_v
X382.E6b,Vicky2.d10.382.E6B.mzXML.Peak.area,Vicky2-d10-382-E6B.mzXML,isolate,382-E6,CA,Vicky2-d10-382-E6B,branch_v,b,cluster_5,West,91768,cluster_5-branch_v
X383.G3a,Vicky2.f10.383.G3A.mzXML.Peak.area,Vicky2-f10-383-G3A.mzXML,isolate,383-G3,UT,Vicky2-f10-383-G3A,branch_v,a,cluster_4,Southwest,84322,cluster_4-branch_v
X383.G3b,Vicky2.f10.383.G3B.mzXML.Peak.area,Vicky2-f10-383-G3B.mzXML,isolate,383-G3,UT,Vicky2-f10-383-G3B,branch_v,b,cluster_4,Southwest,84322,cluster_4-branch_v
X385.D2a,Vicky3.a4.385.D2A.mzXML.Peak.area,Vicky3-a4-385-D2A.mzXML,isolate,385-D2,UT,Vicky3-a4-385-D2A,branch_v,a,cluster_4,Southwest,84339,cluster_4-branch_v
X385.D2b,Vicky3.a4.385.D2B.mzXML.Peak.area,Vicky3-a4-385-D2B.mzXML,isolate,385-D2,UT,Vicky3-a4-385-D2B,branch_v,b,cluster_4,Southwest,84339,cluster_4-branch_v
X386.A11a,Vicky1.f1.386.A11A.mzXML.Peak.area,Vicky1-f1-386-A11A.mzXML,isolate,386-A11,UT,Vicky1-f1-386-A11A,branch_y,a,cluster_3,Southwest,84321,cluster_3-branch_y
X386.A11b,Vicky1.f1.386.A11B.mzXML.Peak.area,Vicky1-f1-386-A11B.mzXML,isolate,386-A11,UT,Vicky1-f1-386-A11B,branch_y,b,cluster_3,Southwest,84321,cluster_3-branch_y
X386.A2a,Vicky2.a2.386.A2A.mzXML.Peak.area,Vicky2-a2-386-A2A.mzXML,isolate,386-A2,UT,Vicky2-a2-386-A2A,branch_u,a,cluster_1,Southwest,84321,cluster_1-branch_u
X386.A2b,Vicky2.a2.386.A2B.mzXML.Peak.area,Vicky2-a2-386-A2B.mzXML,isolate,386-A2,UT,Vicky2-a2-386-A2B,branch_u,b,cluster_1,Southwest,84321,cluster_1-branch_u
X386.F1a,Vicky2.a10.386.F1A.mzXML.Peak.area,Vicky2-a10-386-F1A.mzXML,isolate,386-F1,UT,Vicky2-a10-386-F1A,branch_w,a,cluster_2,Southwest,84328,cluster_2-branch_w
X386.F1b,Vicky2.a10.386.F1B.mzXML.Peak.area,Vicky2-a10-386-F1B.mzXML,isolate,386-F1,UT,Vicky2-a10-386-F1B,branch_w,b,cluster_2,Southwest,84328,cluster_2-branch_w
X386.F2a,Vicky1.h1.386.F2A.mzXML.Peak.area,Vicky1-h1-386-F2A.mzXML,isolate,386-F2,UT,Vicky1-h1-386-F2A,branch_v,a,cluster_4,Southwest,84328,cluster_4-branch_v
X386.F2b,Vicky1.h1.386.F2B.mzXML.Peak.area,Vicky1-h1-386-F2B.mzXML,isolate,386-F2,UT,Vicky1-h1-386-F2B,branch_v,b,cluster_4,Southwest,84328,cluster_4-branch_v
X386.G8a,Vicky2.d9.386.G8A.mzXML.Peak.area,Vicky2-d9-386-G8A.mzXML,isolate,386-G8,CA,Vicky2-d9-386-G8A,branch_v,a,cluster_4,West,92675,cluster_4-branch_v
X386.G8b,Vicky2.d9.386.G8B.mzXML.Peak.area,Vicky2-d9-386-G8B.mzXML,isolate,386-G8,CA,Vicky2-d9-386-G8B,branch_v,b,cluster_4,West,92675,cluster_4-branch_v
X387.A9a,Vicky2.f12.387.A9A.mzXML.Peak.area,Vicky2-f12-387-A9A.mzXML,isolate,387-A9,CA,Vicky2-f12-387-A9A,branch_v,a,cluster_5,West,92675,cluster_5-branch_v
X387.A9b,Vicky2.f12.387.A9B.mzXML.Peak.area,Vicky2-f12-387-A9B.mzXML,isolate,387-A9,CA,Vicky2-f12-387-A9B,branch_v,b,cluster_5,West,92675,cluster_5-branch_v
X387.C3a,Vicky2.b11.387.C3A.mzXML.Peak.area,Vicky2-b11-387-C3A.mzXML,isolate,387-C3,CA,Vicky2-b11-387-C3A,branch_x,a,cluster_6,West,92694,cluster_6-branch_x
X387.C3b,Vicky2.b11.387.C3B.mzXML.Peak.area,Vicky2-b11-387-C3B.mzXML,isolate,387-C3,CA,Vicky2-b11-387-C3B,branch_x,b,cluster_6,West,92694,cluster_6-branch_x
X387.E1a,Vicky2.f11.387.E1A.mzXML.Peak.area,Vicky2-f11-387-E1A.mzXML,isolate,387-E1,CA,Vicky2-f11-387-E1A,branch_v,a,cluster_5,West,92629,cluster_5-branch_v
X387.E1b,Vicky2.f11.387.E1B.mzXML.Peak.area,Vicky2-f11-387-E1B.mzXML,isolate,387-E1,CA,Vicky2-f11-387-E1B,branch_v,b,cluster_5,West,92629,cluster_5-branch_v
X389.H2a,Vicky1.g11.389.H2A.mzXML.Peak.area,Vicky1-g11-389-H2A.mzXML,isolate,389-H2,ID,Vicky1-g11-389-H2A,branch_y,a,cluster_3,Northwest,83854,cluster_3-branch_y
X389.H2b,Vicky1.g11.389.H2B.mzXML.Peak.area,Vicky1-g11-389-H2B.mzXML,isolate,389-H2,ID,Vicky1-g11-389-H2B,branch_y,b,cluster_3,Northwest,83854,cluster_3-branch_y
X390.D4a,Vicky2.g7.390.D4A.mzXML.Peak.area,Vicky2-g7-390-D4A.mzXML,isolate,390-D4,CA,Vicky2-g7-390-D4A,branch_v,a,cluster_4,West,92629,cluster_4-branch_v
X390.D4b,Vicky2.g7.390.D4B.mzXML.Peak.area,Vicky2-g7-390-D4B.mzXML,isolate,390-D4,CA,Vicky2-g7-390-D4B,branch_v,b,cluster_4,West,92629,cluster_4-branch_v
X390.E1a,Vicky2.f3.390.E1A.mzXML.Peak.area,Vicky2-f3-390-E1A.mzXML,isolate,390-E1,NM,Vicky2-f3-390-E1A,branch_v,a,cluster_5,Southwest,87108,cluster_5-branch_v
X390.E1b,Vicky2.f3.390.E1B.mzXML.Peak.area,Vicky2-f3-390-E1B.mzXML,isolate,390-E1,NM,Vicky2-f3-390-E1B,branch_v,b,cluster_5,Southwest,87108,cluster_5-branch_v
X396.C10a,Vicky2.a4.396.C10A.mzXML.Peak.area,Vicky2-a4-396-C10A.mzXML,isolate,396-C10,WY,Vicky2-a4-396-C10A,branch_u,a,cluster_1,West North Central,82054,cluster_1-branch_u
X396.C10b,Vicky2.a4.396.C10B.mzXML.Peak.area,Vicky2-a4-396-C10B.mzXML,isolate,396-C10,WY,Vicky2-a4-396-C10B,branch_u,b,cluster_1,West North Central,82054,cluster_1-branch_u
X404.B10a,Vicky2.a3.404.B10A.mzXML.Peak.area,Vicky2-a3-404-B10A.mzXML,isolate,404-B10,NC,Vicky2-a3-404-B10A,branch_u,a,cluster_1,Southeast,27012,cluster_1-branch_u
X404.B10b,Vicky2.a3.404.B10B.mzXML.Peak.area,Vicky2-a3-404-B10B.mzXML,isolate,404-B10,NC,Vicky2-a3-404-B10B,branch_u,b,cluster_1,Southeast,27012,cluster_1-branch_u
X411.C10a,Vicky2.e12.411.C10A.mzXML.Peak.area,Vicky2-e12-411-C10A.mzXML,isolate,411-C10,NV,Vicky2-e12-411-C10A,branch_v,a,cluster_5,West,89119,cluster_5-branch_v
X411.C10b,Vicky2.e12.411.C10B.mzXML.Peak.area,Vicky2-e12-411-C10B.mzXML,isolate,411-C10,NV,Vicky2-e12-411-C10B,branch_v,b,cluster_5,West,89119,cluster_5-branch_v
X411.C5a,Vicky2.b6.411.C5A.mzXML.Peak.area,Vicky2-b6-411-C5A.mzXML,isolate,411-C5,TN,Vicky2-b6-411-C5A,branch_x,a,cluster_6,Central,37830,cluster_6-branch_x
X411.C5b,Vicky2.b6.411.C5B.mzXML.Peak.area,Vicky2-b6-411-C5B.mzXML,isolate,411-C5,TN,Vicky2-b6-411-C5B,branch_x,b,cluster_6,Central,37830,cluster_6-branch_x
X421.A1a,Vicky2.d3.421.A1A.mzXML.Peak.area,Vicky2-d3-421-A1A.mzXML,isolate,421-A1,CA,Vicky2-d3-421-A1A,branch_x,a,cluster_2,West,95380,cluster_2-branch_x
X421.A1b,Vicky2.d3.421.A1B.mzXML.Peak.area,Vicky2-d3-421-A1B.mzXML,isolate,421-A1,CA,Vicky2-d3-421-A1B,branch_x,b,cluster_2,West,95380,cluster_2-branch_x
X421.C11a,Vicky2.d4.421.C11A.mzXML.Peak.area,Vicky2-d4-421-C11A.mzXML,isolate,421-C11,CO,Vicky2-d4-421-C11A,branch_x,a,cluster_6,Southwest,81506,cluster_6-branch_x
X421.C11b,Vicky2.d4.421.C11B.mzXML.Peak.area,Vicky2-d4-421-C11B.mzXML,isolate,421-C11,CO,Vicky2-d4-421-C11B,branch_x,b,cluster_6,Southwest,81506,cluster_6-branch_x
X423.E8a,Vicky2.g9.423.E8A.mzXML.Peak.area,Vicky2-g9-423-E8A.mzXML,isolate,423-E8,NV,Vicky2-g9-423-E8A,branch_v,a,cluster_5,West,89501,cluster_5-branch_v
X423.E8b,Vicky2.g9.423.E8B.mzXML.Peak.area,Vicky2-g9-423-E8B.mzXML,isolate,423-E8,NV,Vicky2-g9-423-E8B,branch_v,b,cluster_5,West,89501,cluster_5-branch_v
X423.F5a,Vicky2.b7.423.F5A.mzXML.Peak.area,Vicky2-b7-423-F5A.mzXML,isolate,423-F5,NV,Vicky2-b7-423-F5A,branch_w,a,cluster_2,West,89501,cluster_2-branch_w
X423.F5b,Vicky2.b7.423.F5B.mzXML.Peak.area,Vicky2-b7-423-F5B.mzXML,isolate,423-F5,NV,Vicky2-b7-423-F5B,branch_w,b,cluster_2,West,89501,cluster_2-branch_w
X431.A2a,Vicky2.d5.431.A2A.mzXML.Peak.area,Vicky2-d5-431-A2A.mzXML,isolate,431-A2,NC,Vicky2-d5-431-A2A,branch_x,a,cluster_2,Southeast,27517,cluster_2-branch_x
X431.A2b,Vicky2.d5.431.A2B.mzXML.Peak.area,Vicky2-d5-431-A2B.mzXML,isolate,431-A2,NC,Vicky2-d5-431-A2B,branch_x,b,cluster_2,Southeast,27517,cluster_2-branch_x
X439.C7a,Vicky2.e8.439.C7A.mzXML.Peak.area,Vicky2-e8-439-C7A.mzXML,isolate,439-C7,NV,Vicky2-e8-439-C7A,branch_v,a,cluster_5,West,89129,cluster_5-branch_v
X439.C7b,Vicky2.e8.439.C7B.mzXML.Peak.area,Vicky2-e8-439-C7B.mzXML,isolate,439-C7,NV,Vicky2-e8-439-C7B,branch_v,b,cluster_5,West,89129,cluster_5-branch_v
X444.A2a,Vicky2.b8.444.A2A.mzXML.Peak.area,Vicky2-b8-444-A2A.mzXML,isolate,444-A2,MO,Vicky2-b8-444-A2A,branch_x,a,cluster_6,Central,63119,cluster_6-branch_x
X444.A2b,Vicky2.b8.444.A2B.mzXML.Peak.area,Vicky2-b8-444-A2B.mzXML,isolate,444-A2,MO,Vicky2-b8-444-A2B,branch_x,b,cluster_6,Central,63119,cluster_6-branch_x
X444.A9a,Vicky2.a9.444.A9A.mzXML.Peak.area,Vicky2-a9-444-A9A.mzXML,isolate,444-A9,UT,Vicky2-a9-444-A9A,branch_x,a,cluster_6,Southwest,84341,cluster_6-branch_x
X444.A9b,Vicky2.a9.444.A9B.mzXML.Peak.area,Vicky2-a9-444-A9B.mzXML,isolate,444-A9,UT,Vicky2-a9-444-A9B,branch_x,b,cluster_6,Southwest,84341,cluster_6-branch_x
,,,,,,,,,,,,