merge,X,filename,combo,BOX_AND_CODE.x,filename.x,TYPE,BOX_AND_CODE.y,STATE,fullest_code,type_branch,rep,cluster,Region,zip_code,combined,SHANNON_DIV,chao1,menhinick,margalef,otu_count
101-H7a,Vicky1.a1.101.H7A.mzXML.Peak.area,Vicky1-a1-101-H7A.mzXML,branch_u-cluster_1,101-H7,Vicky1-a1-101-H7A.mzXML,isolate,101-H7,SC,Vicky1-a1-101-H7A,u,a,1,Southeast,29203,1-u,10.39446269,906531,36.68787266,186.6787045,1346
101-H7b,Vicky1.a1.101.H7B.mzXML.Peak.area,Vicky1-a1-101-H7B.mzXML,branch_u-cluster_1,101-H7,Vicky1-a1-101-H7B.mzXML,isolate,101-H7,SC,Vicky1-a1-101-H7B,u,b,1,Southeast,29203,1-u,10.30378075,799480,35.55277767,176.8403153,1264
133-H4a,Vicky1.h6.133.H4A.mzXML.Peak.area,Vicky1-h6-133-H4A.mzXML,branch_u-cluster_1,133-H4,Vicky1-h6-133-H4A.mzXML,isolate,133-H4,TX,Vicky1-h6-133-H4A,u,a,1,South,79928,1-u,8.370687407,54946,18.1934054,56.87577858,331
133-H4b,Vicky1.h6.133.H4B.mzXML.Peak.area,Vicky1-h6-133-H4B.mzXML,branch_u-cluster_1,133-H4,Vicky1-h6-133-H4B.mzXML,isolate,133-H4,TX,Vicky1-h6-133-H4B,u,b,1,South,79928,1-u,8.596189756,75078,19.67231557,64.78222347,387
134-D5a,Vicky1.c12.134.D5A.mzXML.Peak.area,Vicky1-c12-134-D5A.mzXML,branch_u-cluster_1,134-D5,Vicky1-c12-134-D5A.mzXML,isolate,134-D5,NM,Vicky1-c12-134-D5A,u,a,1,Southwest,87105,1-u,9.17990909,168490,24.08318916,90.99441187,580
134-D5b,Vicky1.c12.134.D5B.mzXML.Peak.area,Vicky1-c12-134-D5B.mzXML,branch_u-cluster_1,134-D5,Vicky1-c12-134-D5B.mzXML,isolate,134-D5,NM,Vicky1-c12-134-D5B,u,b,1,Southwest,87105,1-u,8.375039431,55278,18.22086716,57.0184848,332
136-B12a,Vicky1.c9.136.B12A.mzXML.Peak.area,Vicky1-c9-136-B12A.mzXML,branch_u-cluster_1,136-B12,Vicky1-c9-136-B12A.mzXML,isolate,136-B12,CO,Vicky1-c9-136-B12A,u,a,1,Southwest,80221,1-u,8.915879379,116886,21.97726098,77.99331733,483
136-B12b,Vicky1.c9.136.B12B.mzXML.Peak.area,Vicky1-c9-136-B12B.mzXML,branch_u-cluster_1,136-B12,Vicky1-c9-136-B12B.mzXML,isolate,136-B12,CO,Vicky1-c9-136-B12B,u,b,1,Southwest,80221,1-u,8.622051819,77815,19.84943324,65.75919084,394
139-F1a,Vicky1.a4.139.F1A.mzXML.Peak.area,Vicky1-a4-139-F1A.mzXML,branch_u-cluster_1,139-F1,Vicky1-a4-139-F1A.mzXML,isolate,139-F1,NM,Vicky1-a4-139-F1A,u,a,1,Southwest,87121,1-u,8.238404739,45753,17.3781472,52.71059399,302
139-F1b,Vicky1.a4.139.F1B.mzXML.Peak.area,Vicky1-a4-139-F1B.mzXML,branch_u-cluster_1,139-F1,Vicky1-a4-139-F1B.mzXML,isolate,139-F1,NM,Vicky1-a4-139-F1B,u,b,1,Southwest,87121,1-u,9.038918989,138601,22.93468988,83.79485394,526
139-F2a,Vicky3.a11.139.F2A.mzXML.Peak.area,Vicky3-a11-139-F2A.mzXML,branch_w-cluster_2,139-F2,Vicky3-a11-139-F2A.mzXML,isolate,139-F2,NM,Vicky3-a11-139-F2A,w,a,2,Southwest,87105,2-w,8.055282436,35511,16.30950643,47.46130119,266
139-F2b,Vicky3.a11.139.F2B.mzXML.Peak.area,Vicky3-a11-139-F2B.mzXML,branch_w-cluster_2,139-F2,Vicky3-a11-139-F2B.mzXML,isolate,139-F2,NM,Vicky3-a11-139-F2B,w,b,2,Southwest,87105,2-w,8.317412614,51040,17.8605711,55.15862256,319
145-B9a,Vicky1.a5.145.B9A.mzXML.Peak.area,Vicky1-a5-145-B9A.mzXML,branch_u-cluster_1,145-B9,Vicky1-a5-145-B9A.mzXML,isolate,145-B9,TX,Vicky1-a5-145-B9A,u,a,1,South,79934,1-u,9.221587121,178503,24.43358345,93.24276104,597
145-B9b,Vicky1.a5.145.B9B.mzXML.Peak.area,Vicky1-a5-145-B9B.mzXML,branch_u-cluster_1,145-B9,Vicky1-a5-145-B9B.mzXML,isolate,145-B9,TX,Vicky1-a5-145-B9B,u,b,1,South,79934,1-u,8.566054038,72010,19.46792233,63.6627697,379
147-B2a,Vicky1.f5.147.B2A.mzXML.Peak.area,Vicky1-f5-147-B2A.mzXML,branch_u-cluster_1,147-B2,Vicky1-f5-147-B2A.mzXML,isolate,147-B2,CO,Vicky1-f5-147-B2A,u,a,1,Southwest,80521,1-u,9.187352073,170236,24.14539294,91.39178591,583
147-B2b,Vicky1.f5.147.B2B.mzXML.Peak.area,Vicky1-f5-147-B2B.mzXML,branch_u-cluster_1,147-B2,Vicky1-f5-147-B2B.mzXML,isolate,147-B2,CO,Vicky1-f5-147-B2B,u,b,1,Southwest,80521,1-u,8.82336724,102831,21.28379665,73.90581631,453
147-C6a,Vicky1.f9.147.C6A.mzXML.Peak.area,Vicky1-f9-147-C6A.mzXML,branch_u-cluster_1,147-C6,Vicky1-f9-147-C6A.mzXML,isolate,147-C6,NM,Vicky1-f9-147-C6A,u,a,1,Southwest,87105,1-u,8.936637939,120295,22.13594362,78.94220173,490
147-C6b,Vicky1.f9.147.C6B.mzXML.Peak.area,Vicky1-f9-147-C6B.mzXML,branch_u-cluster_1,147-C6,Vicky1-f9-147-C6B.mzXML,isolate,147-C6,NM,Vicky1-f9-147-C6B,u,b,1,Southwest,87105,1-u,8.22881869,45150,17.32050808,52.42135396,300
148-E3a,Vicky1.c8.148.E3A.mzXML.Peak.area,Vicky1-c8-148-E3A.mzXML,branch_u-cluster_1,148-E3,Vicky1-c8-148-E3A.mzXML,isolate,148-E3,MT,Vicky1-c8-148-E3A,u,a,1,West North Central,59601,1-u,9.330916878,207690,25.37715508,99.41712303,644
148-E3b,Vicky1.c8.148.E3B.mzXML.Peak.area,Vicky1-c8-148-E3B.mzXML,branch_u-cluster_1,148-E3,Vicky1-c8-148-E3B.mzXML,isolate,148-E3,MT,Vicky1-c8-148-E3B,u,b,1,West North Central,59601,1-u,9.511752654,266815,27.01851217,110.5710717,730
149-A5a,Vicky2.g12.149.A5A.mzXML.Peak.area,Vicky2-g12-149-A5A.mzXML,branch_v-cluster_4,149-A5,Vicky2-g12-149-A5A.mzXML,isolate,149-A5,CO,Vicky2-g12-149-A5A,v,a,4,Southwest,80004,4-v,8.77148947,95703,20.90454496,71.71131425,437
149-A5b,Vicky2.g12.149.A5B.mzXML.Peak.area,Vicky2-g12-149-A5B.mzXML,branch_v-cluster_4,149-A5,Vicky2-g12-149-A5B.mzXML,isolate,149-A5,CO,Vicky2-g12-149-A5B,v,b,4,Southwest,80004,4-v,7.531381461,17205,13.60147051,35.24663953,185
152-B2a,Vicky1.a3.152.B2A.mzXML.Peak.area,Vicky1-a3-152-B2A.mzXML,branch_u-cluster_1,152-B2,Vicky1-a3-152-B2A.mzXML,isolate,152-B2,CA,Vicky1-a3-152-B2A,u,a,1,West,94568,1-u,8.622051819,77815,19.84943324,65.75919084,394
152-B2b,Vicky1.a3.152.B2B.mzXML.Peak.area,Vicky1-a3-152-B2B.mzXML,branch_u-cluster_1,152-B2,Vicky1-a3-152-B2B.mzXML,isolate,152-B2,CA,Vicky1-a3-152-B2B,u,b,1,West,94568,1-u,9.011227255,133386,22.71563338,82.4513604,516
153-E12a,Vicky3.a10.153.E12A.mzXML.Peak.area,Vicky3-a10-153-E12A.mzXML,branch_u-cluster_2,153-E12,Vicky3-a10-153-E12A.mzXML,isolate,153-E12,CA,Vicky3-a10-153-E12A,u,a,2,West,95123,2-u,9.350939182,213531,25.55386468,100.5928013,653
153-E12b,Vicky3.a10.153.E12B.mzXML.Peak.area,Vicky3-a10-153-E12B.mzXML,branch_u-cluster_2,153-E12,Vicky3-a10-153-E12B.mzXML,isolate,153-E12,CA,Vicky3-a10-153-E12B,u,b,2,West,95123,2-u,9.245552706,184528,24.63736999,94.56148513,607
154-A4a,Vicky3.b10.154.A4A.mzXML.Peak.area,Vicky3-b10-154-A4A.mzXML,branch_u-cluster_1,154-A4,Vicky3-b10-154-A4A.mzXML,isolate,154-A4,OK,Vicky3-b10-154-A4A,u,a,1,South,74873,1-u,8.581200582,73536,19.57038579,64.22289053,383
154-A4b,Vicky3.b10.154.A4B.mzXML.Peak.area,Vicky3-b10-154-A4B.mzXML,branch_u-cluster_1,154-A4,Vicky3-b10-154-A4B.mzXML,isolate,154-A4,OK,Vicky3-b10-154-A4B,u,b,1,South,74873,1-u,7.900866808,28680,15.45962483,43.45870245,239
155-E5a,Vicky1.e8.155.E5A.mzXML.Peak.area,Vicky1-e8-155-E5A.mzXML,branch_u-cluster_1,155-E5,Vicky1-e8-155-E5A.mzXML,isolate,155-E5,CA,Vicky1-e8-155-E5A,u,a,1,West,95123,1-u,8.632995197,79003,19.92485885,66.17717526,397
155-E5b,Vicky1.e8.155.E5B.mzXML.Peak.area,Vicky1-e8-155-E5B.mzXML,branch_u-cluster_1,155-E5,Vicky1-e8-155-E5B.mzXML,isolate,155-E5,CA,Vicky1-e8-155-E5B,u,b,1,West,95123,1-u,8.900866808,114481,21.86321111,77.31444019,478
157-F2a,Vicky1.b2.157.F2A.mzXML.Peak.area,Vicky1-b2-157-F2A.mzXML,branch_u-cluster_2,157-F2,Vicky1-b2-157-F2A.mzXML,isolate,157-F2,CA,Vicky1-b2-157-F2A,u,a,2,West,92129,2-u,9.54689446,280126,27.34958866,112.8841635,748
157-F2b,Vicky1.b2.157.F2B.mzXML.Peak.area,Vicky1-b2-157-F2B.mzXML,branch_u-cluster_2,157-F2,Vicky1-b2-157-F2B.mzXML,isolate,157-F2,CA,Vicky1-b2-157-F2B,u,b,2,West,92129,2-u,9.049848549,140715,23.02172887,84.33132029,530
157-H2a,Vicky2.a11.157.H2A.mzXML.Peak.area,Vicky2-a11-157-H2A.mzXML,branch_w-cluster_2,157-H2,Vicky2-a11-157-H2A.mzXML,isolate,157-H2,UT,Vicky2-a11-157-H2A,w,a,2,Southwest,84758,2-w,8.527477006,68265,19.20937271,62.25895123,369
157-H2b,Vicky2.a11.157.H2B.mzXML.Peak.area,Vicky2-a11-157-H2B.mzXML,branch_w-cluster_2,157-H2,Vicky2-a11-157-H2B.mzXML,isolate,157-H2,UT,Vicky2-a11-157-H2B,w,b,2,Southwest,84758,2-w,8.199672345,43365,17.1464282,51.55201686,294
158-H6a,Vicky2.b1.158.H6A.mzXML.Peak.area,Vicky2-b1-158-H6A.mzXML,branch_w-cluster_2,158-H6,Vicky2-b1-158-H6A.mzXML,isolate,158-H6,NV,Vicky2-b1-158-H6A,w,a,2,West,89403,2-w,8.658211483,81810,20.09975124,67.15083163,404
158-H6b,Vicky2.b1.158.H6B.mzXML.Peak.area,Vicky2-b1-158-H6B.mzXML,branch_w-cluster_2,158-H6,Vicky2-b1-158-H6B.mzXML,isolate,158-H6,NV,Vicky2-b1-158-H6B,w,b,2,West,89403,2-w,7.948367232,30628,15.71623365,44.6510547,247
159-E5a,Vicky1.e10.159.E5A.mzXML.Peak.area,Vicky1-e10-159-E5A.mzXML,branch_u-cluster_1,159-E5,Vicky1-e10-159-E5A.mzXML,isolate,159-E5,NM,Vicky1-e10-159-E5A,u,a,1,Southwest,87701,1-u,8.159871337,41041,16.91153453,50.38904043,286
159-E5b,Vicky1.e10.159.E5B.mzXML.Peak.area,Vicky1-e10-159-E5B.mzXML,branch_u-cluster_1,159-E5,Vicky1-e10-159-E5B.mzXML,isolate,159-E5,NM,Vicky1-e10-159-E5B,u,b,1,Southwest,87701,1-u,8.238404739,45753,17.3781472,52.71059399,302
164-D9a,Vicky3.b2.164.D9A.mzXML.Peak.area,Vicky3-b2-164-D9A.mzXML,branch_w-cluster_2,164-D9,Vicky3-b2-164-D9A.mzXML,isolate,164-D9,UT,Vicky3-b2-164-D9A,w,a,2,Southwest,84758,2-w,8.487840034,64620,18.94729532,60.84997156,359
164-D9b,Vicky3.b2.164.D9B.mzXML.Peak.area,Vicky3-b2-164-D9B.mzXML,branch_w-cluster_2,164-D9,Vicky3-b2-164-D9B.mzXML,isolate,164-D9,UT,Vicky3-b2-164-D9B,w,b,2,Southwest,84758,2-w,6.918863237,7381,11,25.02194349,121
165-C11a,Vicky1.c11.165.C11A.mzXML.Peak.area,Vicky1-c11-165-C11A.mzXML,branch_u-cluster_1,165-C11,Vicky1-c11-165-C11A.mzXML,isolate,165-C11,KS,Vicky1-c11-165-C11A,u,a,1,South,66402,1-u,8.169925001,41616,16.97056275,50.68020535,288
165-C11b,Vicky1.c11.165.C11B.mzXML.Peak.area,Vicky1-c11-165-C11B.mzXML,branch_u-cluster_1,165-C11,Vicky1-c11-165-C11B.mzXML,isolate,165-C11,KS,Vicky1-c11-165-C11B,u,b,1,South,66402,1-u,7.948367232,30628,15.71623365,44.6510547,247
166-H2a,Vicky3.b1.166.H2A.mzXML.Peak.area,Vicky3-b1-166-H2A.mzXML,branch_w-cluster_2,166-H2,Vicky3-b1-166-H2A.mzXML,isolate,166-H2,CA,Vicky3-b1-166-H2A,w,a,2,West,94568,2-w,9.303780748,200028,25.13961018,97.84630522,632
166-H2b,Vicky3.b1.166.H2B.mzXML.Peak.area,Vicky3-b1-166-H2B.mzXML,branch_w-cluster_2,166-H2,Vicky3-b1-166-H2B.mzXML,isolate,166-H2,CA,Vicky3-b1-166-H2B,w,b,2,West,94568,2-w,9.008428622,132870,22.69361144,82.31682596,515
167-A11a,Vicky1.b10.167.A11A.mzXML.Peak.area,Vicky1-b10-167-A11A.mzXML,branch_u-cluster_1,167-A11,Vicky1-b10-167-A11A.mzXML,isolate,167-A11,CA,Vicky1-b10-167-A11A,u,a,1,West,92841,1-u,8.980139578,127765,22.47220505,80.969599,505
167-A11b,Vicky1.b10.167.A11B.mzXML.Peak.area,Vicky1-b10-167-A11B.mzXML,branch_u-cluster_1,167-A11,Vicky1-b10-167-A11B.mzXML,isolate,167-A11,CA,Vicky1-b10-167-A11B,u,b,1,West,92841,1-u,8.672425342,83436,20.19900988,67.70619042,408
168-E2a,Vicky3.b3.168.E2A.mzXML.Peak.area,Vicky3-b3-168-E2A.mzXML,branch_w-cluster_2,168-E2,Vicky3-b3-168-E2A.mzXML,isolate,168-E2,CA,Vicky3-b3-168-E2A,w,a,2,West,95673,2-w,9.515699838,268278,27.05549852,110.8284302,732
168-E2b,Vicky3.b3.168.E2B.mzXML.Peak.area,Vicky3-b3-168-E2B.mzXML,branch_w-cluster_2,168-E2,Vicky3-b3-168-E2B.mzXML,isolate,168-E2,CA,Vicky3-b3-168-E2B,w,b,2,West,95673,2-w,9.269126679,190653,24.8394847,95.87744088,617
169-E8a,Vicky1.d10.169.E8A.mzXML.Peak.area,Vicky1-d10-169-E8A.mzXML,branch_y-cluster_3,169-E8,Vicky1-d10-169-E8A.mzXML,isolate,169-E8,UT,Vicky1-d10-169-E8A,y,a,3,Southwest,84758,3-y,8.339850003,52650,18,55.87516539,324
169-E8b,Vicky1.d10.169.E8B.mzXML.Peak.area,Vicky1-d10-169-E8B.mzXML,branch_y-cluster_3,169-E8,Vicky1-d10-169-E8B.mzXML,isolate,169-E8,UT,Vicky1-d10-169-E8B,y,b,3,Southwest,84758,3-y,8.45532722,61776,18.734994,59.7189501,351
169-E9a,Vicky3.b7.169.E9A.mzXML.Peak.area,Vicky3-b7-169-E9A.mzXML,branch_w-cluster_2,169-E9,Vicky3-b7-169-E9A.mzXML,isolate,169-E9,UT,Vicky3-b7-169-E9A,w,a,2,Southwest,84758,2-w,8.159871337,41041,16.91153453,50.38904043,286
169-E9b,Vicky3.b7.169.E9B.mzXML.Peak.area,Vicky3-b7-169-E9B.mzXML,branch_w-cluster_2,169-E9,Vicky3-b7-169-E9B.mzXML,isolate,169-E9,UT,Vicky3-b7-169-E9B,w,b,2,Southwest,84758,2-w,9.052568051,141246,23.04343724,84.46535473,531
170-A3a,Vicky1.f6.170.A3A.mzXML.Peak.area,Vicky1-f6-170-A3A.mzXML,branch_u-cluster_1,170-A3,Vicky1-f6-170-A3A.mzXML,isolate,170-A3,MN,Vicky1-f6-170-A3A,u,a,1,East North Central,55379,1-u,8.326429487,51681,17.91647287,55.44542397,321
170-A3b,Vicky1.f6.170.A3B.mzXML.Peak.area,Vicky1-f6-170-A3B.mzXML,branch_u-cluster_1,170-A3,Vicky1-f6-170-A3B.mzXML,isolate,170-A3,MN,Vicky1-f6-170-A3B,u,b,1,East North Central,55379,1-u,7.636624621,19900,14.10673598,37.40574302,199
170-E12a,Vicky1.d7.170.E12A.mzXML.Peak.area,Vicky1-d7-170-E12A.mzXML,branch_u-cluster_1,170-E12,Vicky1-d7-170-E12A.mzXML,isolate,170-E12,UT,Vicky1-d7-170-E12A,u,a,1,Southwest,84070,1-u,8.936637939,120295,22.13594362,78.94220173,490
170-E12b,Vicky1.d7.170.E12B.mzXML.Peak.area,Vicky1-d7-170-E12B.mzXML,branch_u-cluster_1,170-E12,Vicky1-d7-170-E12B.mzXML,isolate,170-E12,UT,Vicky1-d7-170-E12B,u,b,1,Southwest,84070,1-u,9.54689446,280126,27.34958866,112.8841635,748
170-F4a,Vicky2.b2.170.F4A.mzXML.Peak.area,Vicky2-b2-170-F4A.mzXML,branch_w-cluster_2,170-F4,Vicky2-b2-170-F4A.mzXML,isolate,170-F4,UT,Vicky2-b2-170-F4A,w,a,2,Southwest,84758,2-w,8.696967526,86320,20.37154879,68.67632254,415
170-F4b,Vicky2.b2.170.F4B.mzXML.Peak.area,Vicky2-b2-170-F4B.mzXML,branch_w-cluster_2,170-F4,Vicky2-b2-170-F4B.mzXML,isolate,170-F4,UT,Vicky2-b2-170-F4B,w,b,2,Southwest,84758,2-w,9.074141463,145530,23.21637353,85.53645931,539
173-C6a,Vicky1.b11.173.C6A.mzXML.Peak.area,Vicky1-b11-173-C6A.mzXML,branch_u-cluster_1,173-C6,Vicky1-b11-173-C6A.mzXML,isolate,173-C6,CA,Vicky1-b11-173-C6A,u,a,1,West,95817,1-u,8.45532722,61776,18.734994,59.7189501,351
173-C6b,Vicky1.b11.173.C6B.mzXML.Peak.area,Vicky1-b11-173-C6B.mzXML,branch_u-cluster_1,173-C6,Vicky1-b11-173-C6B.mzXML,isolate,173-C6,CA,Vicky1-b11-173-C6B,u,b,1,West,95817,1-u,8.495855027,65341,19,61.13218894,361
175-A7a,Vicky3.b8.175.A7A.mzXML.Peak.area,Vicky3-b8-175-A7A.mzXML,branch_u-cluster_1,175-A7,Vicky3-b8-175-A7A.mzXML,isolate,175-A7,VA,Vicky3-b8-175-A7A,u,a,1,Southeast,22567,1-u,9.56414949,286903,27.51363298,114.0381016,757
175-A7b,Vicky3.b8.175.A7B.mzXML.Peak.area,Vicky3-b8-175-A7B.mzXML,branch_u-cluster_1,175-A7,Vicky3-b8-175-A7B.mzXML,isolate,175-A7,VA,Vicky3-b8-175-A7B,u,b,1,Southeast,22567,1-u,9.667111542,330891,28.51315486,121.1808065,813
175-C5a,Vicky2.c10.175.C5A.mzXML.Peak.area,Vicky2-c10-175-C5A.mzXML,branch_u-cluster_1,175-C5,Vicky2-c10-175-C5A.mzXML,isolate,175-C5,PA,Vicky2-c10-175-C5A,u,a,1,Northeast,17602,1-u,9.556506055,283881,27.44084547,113.5254521,753
175-C5b,Vicky2.c10.175.C5B.mzXML.Peak.area,Vicky2-c10-175-C5B.mzXML,branch_u-cluster_1,175-C5,Vicky2-c10-175-C5B.mzXML,isolate,175-C5,PA,Vicky2-c10-175-C5B,u,b,1,Northeast,17602,1-u,9.240791332,183315,24.59674775,94.2979636,605
175-F4a,Vicky1.b12.175.F4A.mzXML.Peak.area,Vicky1-b12-175-F4A.mzXML,branch_u-cluster_1,175-F4,Vicky1-b12-175-F4A.mzXML,isolate,175-F4,MN,Vicky1-b12-175-F4A,u,a,1,East North Central,55304,1-u,8.787902559,97903,21.02379604,72.39822116,442
175-F4b,Vicky1.b12.175.F4B.mzXML.Peak.area,Vicky1-b12-175-F4B.mzXML,branch_u-cluster_1,175-F4,Vicky1-b12-175-F4B.mzXML,isolate,175-F4,MN,Vicky1-b12-175-F4B,u,b,1,East North Central,55304,1-u,7.912889336,29161,15.5241747,43.75731735,241
177-E1a,Vicky1.a2.177.E1A.mzXML.Peak.area,Vicky1-a2-177-E1A.mzXML,branch_u-cluster_2,177-E1,Vicky1-a2-177-E1A.mzXML,isolate,177-E1,OK,Vicky1-a2-177-E1A,u,a,2,South,73111,2-u,8.988684687,129286,22.53885534,81.37412883,508
177-E1b,Vicky1.a2.177.E1B.mzXML.Peak.area,Vicky1-a2-177-E1B.mzXML,branch_u-cluster_1,177-E1,Vicky1-a2-177-E1B.mzXML,isolate,177-E1,OK,Vicky1-a2-177-E1B,u,b,1,South,73111,1-u,8.625708843,78210,19.87460691,65.8985663,395
177-E5a,Vicky1.a6.177.E5A.mzXML.Peak.area,Vicky1-a6-177-E5A.mzXML,branch_u-cluster_1,177-E5,Vicky1-a6-177-E5A.mzXML,isolate,177-E5,OK,Vicky1-a6-177-E5A,u,a,1,South,73111,1-u,8.539158811,69378,19.28730152,62.68063073,372
177-E5b,Vicky1.a6.177.E5B.mzXML.Peak.area,Vicky1-a6-177-E5B.mzXML,branch_u-cluster_1,177-E5,Vicky1-a6-177-E5B.mzXML,isolate,177-E5,OK,Vicky1-a6-177-E5B,u,b,1,South,73111,1-u,7.787902559,24531,14.86606875,40.75460711,221
177-E6a,Vicky1.a11.177.E6A.mzXML.Peak.area,Vicky1-a11-177-E6A.mzXML,branch_u-cluster_1,177-E6,Vicky1-a11-177-E6A.mzXML,isolate,177-E6,OK,Vicky1-a11-177-E6A,u,a,1,South,73111,1-u,9.987264012,515620,31.85906464,146.4758286,1015
177-E6b,Vicky1.a11.177.E6B.mzXML.Peak.area,Vicky1-a11-177-E6B.mzXML,branch_u-cluster_1,177-E6,Vicky1-a11-177-E6B.mzXML,isolate,177-E6,OK,Vicky1-a11-177-E6B,u,b,1,South,73111,1-u,10.02097994,540280,32.23352292,149.4382248,1039
178-D1a,Vicky2.e2.178.D1A.mzXML.Peak.area,Vicky2-e2-178-D1A.mzXML,branch_v-cluster_4,178-D1,Vicky2-e2-178-D1A.mzXML,isolate,178-D1,CA,Vicky2-e2-178-D1A,v,a,4,West,93933,4-v,9.14974712,161596,23.83275058,89.40226189,568
178-D1b,Vicky2.e2.178.D1B.mzXML.Peak.area,Vicky2-e2-178-D1B.mzXML,branch_v-cluster_4,178-D1,Vicky2-e2-178-D1B.mzXML,isolate,178-D1,CA,Vicky2-e2-178-D1B,v,b,4,West,93933,4-v,8.447083226,61075,18.68154169,59.43564906,349
179-A9a,Vicky1.d2.179.A9A.mzXML.Peak.area,Vicky1-d2-179-A9A.mzXML,branch_y-cluster_3,179-A9,Vicky1-d2-179-A9A.mzXML,isolate,179-A9,NM,Vicky1-d2-179-A9A,y,a,3,Southwest,87112,3-y,8.761551232,94395,20.83266666,71.29867031,434
179-A9b,Vicky1.d2.179.A9B.mzXML.Peak.area,Vicky1-d2-179-A9B.mzXML,branch_y-cluster_3,179-A9,Vicky1-d2-179-A9B.mzXML,isolate,179-A9,NM,Vicky1-d2-179-A9B,y,b,3,Southwest,87112,3-y,8.6794801,84255,20.24845673,67.98359636,410
180-B10a,Vicky1.a7.180.B10A.mzXML.Peak.area,Vicky1-a7-180-B10A.mzXML,branch_u-cluster_1,180-B10,Vicky1-a7-180-B10A.mzXML,isolate,180-B10,CA,Vicky1-a7-180-B10A,u,a,1,West,95817,1-u,9.049848549,140715,23.02172887,84.33132029,530
180-B10b,Vicky1.a7.180.B10B.mzXML.Peak.area,Vicky1-a7-180-B10B.mzXML,branch_u-cluster_1,180-B10,Vicky1-a7-180-B10B.mzXML,isolate,180-B10,CA,Vicky1-a7-180-B10B,u,b,1,West,95817,1-u,9.409390936,231540,26.07680962,104.1076877,680
180-B9a,Vicky1.a9.180.B9A.mzXML.Peak.area,Vicky1-a9-180-B9A.mzXML,branch_u-cluster_1,180-B9,Vicky1-a9-180-B9A.mzXML,isolate,180-B9,CA,Vicky1-a9-180-B9A,u,a,1,West,95817,1-u,9.4325419,239086,26.28687886,105.5346044,691
180-B9b,Vicky1.a9.180.B9B.mzXML.Peak.area,Vicky1-a9-180-B9B.mzXML,branch_u-cluster_1,180-B9,Vicky1-a9-180-B9B.mzXML,isolate,180-B9,CA,Vicky1-a9-180-B9B,u,b,1,West,95817,1-u,9.758223215,375411,29.42787794,127.8850855,866
183-H4a,Vicky1.a10.183.H4A.mzXML.Peak.area,Vicky1-a10-183-H4A.mzXML,branch_u-cluster_1,183-H4,Vicky1-a10-183-H4A.mzXML,isolate,183-H4,SD,Vicky1-a10-183-H4A,u,a,1,West North Central,57401,1-u,8.888743249,112575,21.77154106,76.77066771,474
183-H4b,Vicky1.a10.183.H4B.mzXML.Peak.area,Vicky1-a10-183-H4B.mzXML,branch_u-cluster_1,183-H4,Vicky1-a10-183-H4B.mzXML,isolate,183-H4,SD,Vicky1-a10-183-H4B,u,b,1,West North Central,57401,1-u,8.997179481,130816,22.60530911,81.77834758,511
185-D9a,Vicky1.a8.185.D9A.mzXML.Peak.area,Vicky1-a8-185-D9A.mzXML,branch_u-cluster_1,185-D9,Vicky1-a8-185-D9A.mzXML,isolate,185-D9,MA,Vicky1-a8-185-D9A,u,a,1,Northeast,2126,1-u,9.702172685,347361,28.86173938,123.7168532,833
185-D9b,Vicky1.a8.185.D9B.mzXML.Peak.area,Vicky1-a8-185-D9B.mzXML,branch_u-cluster_1,185-D9,Vicky1-a8-185-D9B.mzXML,isolate,185-D9,MA,Vicky1-a8-185-D9B,u,b,1,Northeast,2126,1-u,9.554588852,283128,27.4226184,113.3972369,752
185-F7a,Vicky1.f7.185.F7A.mzXML.Peak.area,Vicky1-f7-185-F7A.mzXML,branch_u-cluster_1,185-F7,Vicky1-f7-185-F7A.mzXML,isolate,185-F7,NE,Vicky1-f7-185-F7A,u,a,1,West North Central,69337,1-u,9.301496195,199396,25.11971337,97.71523384,631
185-F7b,Vicky1.f7.185.F7B.mzXML.Peak.area,Vicky1-f7-185-F7B.mzXML,branch_u-cluster_1,185-F7,Vicky1-f7-185-F7B.mzXML,isolate,185-F7,NE,Vicky1-f7-185-F7B,u,b,1,West North Central,69337,1-u,8.64385619,80200,20,66.59473604,400
186-F11a,Vicky2.c4.186.F11A.mzXML.Peak.area,Vicky2-c4-186-F11A.mzXML,branch_u-cluster_1,186-F11,Vicky2-c4-186-F11A.mzXML,isolate,186-F11,WI,Vicky2-c4-186-F11A,u,a,1,East North Central,54166,1-u,9.63481105,316410,28.19574436,118.8917828,795
186-F11b,Vicky2.c4.186.F11B.mzXML.Peak.area,Vicky2-c4-186-F11B.mzXML,branch_u-cluster_1,186-F11,Vicky2-c4-186-F11B.mzXML,isolate,186-F11,WI,Vicky2-c4-186-F11B,u,b,1,East North Central,54166,1-u,8.672425342,83436,20.19900988,67.70619042,408
186-F8a,Vicky1.d1.186.F8A.mzXML.Peak.area,Vicky1-d1-186-F8A.mzXML,branch_y-cluster_3,186-F8,Vicky1-d1-186-F8A.mzXML,isolate,186-F8,WI,Vicky1-d1-186-F8A,y,a,3,East North Central,54166,3-y,9.47370575,253116,26.66458325,108.1217325,711
186-F8b,Vicky1.d1.186.F8B.mzXML.Peak.area,Vicky1-d1-186-F8B.mzXML,branch_y-cluster_3,186-F8,Vicky1-d1-186-F8B.mzXML,isolate,186-F8,WI,Vicky1-d1-186-F8B,y,b,3,East North Central,54166,3-y,8.95419631,123256,22.27105745,79.7541198,496
190-D4a,Vicky1.d3.190.D4A.mzXML.Peak.area,Vicky1-d3-190-D4A.mzXML,branch_y-cluster_3,190-D4,Vicky1-d3-190-D4A.mzXML,isolate,190-D4,UT,Vicky1-d3-190-D4A,y,a,3,Southwest,84758,3-y,9.113742166,153735,23.53720459,87.53927235,554
190-D4b,Vicky1.d3.190.D4B.mzXML.Peak.area,Vicky1-d3-190-D4B.mzXML,branch_y-cluster_3,190-D4,Vicky1-d3-190-D4B.mzXML,isolate,190-D4,UT,Vicky1-d3-190-D4B,y,b,3,Southwest,84758,3-y,8.980139578,127765,22.47220505,80.969599,505
194-H4a,Vicky1.b9.194.H4A.mzXML.Peak.area,Vicky1-b9-194-H4A.mzXML,branch_u-cluster_2,194-H4,Vicky1-b9-194-H4A.mzXML,isolate,194-H4,UT,Vicky1-b9-194-H4A,u,a,2,Southwest,84758,2-u,9.497851837,261726,26.88865932,109.6696219,723
194-H4b,Vicky1.b9.194.H4B.mzXML.Peak.area,Vicky1-b9-194-H4B.mzXML,branch_u-cluster_1,194-H4,Vicky1-b9-194-H4B.mzXML,isolate,194-H4,UT,Vicky1-b9-194-H4B,u,b,1,Southwest,84758,1-u,8.214319121,44253,17.23368794,51.98699074,297
197-B1a,Vicky1.b1.197.B1A.mzXML.Peak.area,Vicky1-b1-197-B1A.mzXML,branch_u-cluster_1,197-B1,Vicky1-b1-197-B1A.mzXML,isolate,197-B1,OH,Vicky1-b1-197-B1A,u,a,1,Central,43440,1-u,9.292321633,196878,25.03996805,97.19068402,627
197-B1b,Vicky1.b1.197.B1B.mzXML.Peak.area,Vicky1-b1-197-B1B.mzXML,branch_u-cluster_1,197-B1,Vicky1-b1-197-B1B.mzXML,isolate,197-B1,OH,Vicky1-b1-197-B1B,u,b,1,Central,43440,1-u,9.187352073,170236,24.14539294,91.39178591,583
197-D9a,Vicky1.b6.197.D9A.mzXML.Peak.area,Vicky1-b6-197-D9A.mzXML,branch_u-cluster_1,197-D9,Vicky1-b6-197-D9A.mzXML,isolate,197-D9,UT,Vicky1-b6-197-D9A,u,a,1,Southwest,84758,1-u,9.471675214,252405,26.64582519,107.9925949,710
197-D9b,Vicky1.b6.197.D9B.mzXML.Peak.area,Vicky1-b6-197-D9B.mzXML,branch_u-cluster_1,197-D9,Vicky1-b6-197-D9B.mzXML,isolate,197-D9,UT,Vicky1-b6-197-D9B,u,b,1,Southwest,84758,1-u,8.511752654,66795,19.10497317,61.69598862,365
197-E10a,Vicky1.c3.197.E10A.mzXML.Peak.area,Vicky1-c3-197-E10A.mzXML,branch_y-cluster_3,197-E10,Vicky1-c3-197-E10A.mzXML,isolate,197-E10,UT,Vicky1-c3-197-E10A,y,a,3,Southwest,84758,3-y,9.174925683,167331,24.04163056,90.72934947,578
197-E10b,Vicky1.c3.197.E10B.mzXML.Peak.area,Vicky1-c3-197-E10B.mzXML,branch_y-cluster_3,197-E10,Vicky1-c3-197-E10B.mzXML,isolate,197-E10,UT,Vicky1-c3-197-E10B,y,b,3,Southwest,84758,3-y,9.271463028,191271,24.85960579,96.00888636,618
199-A7a,Vicky1.b7.199.A7A.mzXML.Peak.area,Vicky1-b7-199-A7A.mzXML,branch_u-cluster_1,199-A7,Vicky1-b7-199-A7A.mzXML,isolate,199-A7,AZ,Vicky1-b7-199-A7A,u,a,1,Southwest,85280,1-u,8.77478706,96141,20.92844954,71.84877862,438
199-A7b,Vicky1.b7.199.A7B.mzXML.Peak.area,Vicky1-b7-199-A7B.mzXML,branch_u-cluster_1,199-A7,Vicky1-b7-199-A7B.mzXML,isolate,199-A7,AZ,Vicky1-b7-199-A7B,u,b,1,Southwest,85280,1-u,8.266786541,47586,17.54992877,53.57672844,308
200-A5a,Vicky1.c5.200.A5A.mzXML.Peak.area,Vicky1-c5-200-A5A.mzXML,branch_y-cluster_3,200-A5,Vicky1-c5-200-A5A.mzXML,isolate,200-A5,AK,Vicky1-c5-200-A5A,y,a,3,Alaska,99824,3-y,9.485829309,257403,26.77685568,108.8960823,717
200-A5b,Vicky1.c5.200.A5B.mzXML.Peak.area,Vicky1-c5-200-A5B.mzXML,branch_y-cluster_3,200-A5,Vicky1-c5-200-A5B.mzXML,isolate,200-A5,AK,Vicky1-c5-200-A5B,y,b,3,Alaska,99824,3-y,8.921840937,117855,22.02271555,78.26460982,485
201-B8a,Vicky3.b11.201.B8A.mzXML.Peak.area,Vicky3-b11-201-B8A.mzXML,branch_u-cluster_2,201-B8,Vicky3-b11-201-B8A.mzXML,isolate,201-B8,CA,Vicky3-b11-201-B8A,u,a,2,West,92887,2-u,10.14465824,641278,33.64520768,160.8420956,1132
201-B8b,Vicky3.b11.201.B8B.mzXML.Peak.area,Vicky3-b11-201-B8B.mzXML,branch_u-cluster_1,201-B8,Vicky3-b11-201-B8B.mzXML,isolate,201-B8,CA,Vicky3-b11-201-B8B,u,b,1,West,92887,1-u,8.758223215,93961,20.80865205,71.1610383,433
201-E4a,Vicky1.b8.201.E4A.mzXML.Peak.area,Vicky1-b8-201-E4A.mzXML,branch_u-cluster_1,201-E4,Vicky1-b8-201-E4A.mzXML,isolate,201-E4,FL,Vicky1-b8-201-E4A,u,a,1,Southeast,33993,1-u,9.159871337,163878,23.91652149,89.93345409,572
201-E4b,Vicky1.b8.201.E4B.mzXML.Peak.area,Vicky1-b8-201-E4B.mzXML,branch_u-cluster_1,201-E4,Vicky1-b8-201-E4B.mzXML,isolate,201-E4,FL,Vicky1-b8-201-E4B,u,b,1,Southeast,33993,1-u,9.21916852,177906,24.41311123,93.11073416,596
236-G1a,Vicky1.d11.236.G1A.mzXML.Peak.area,Vicky1-d11-236-G1A.mzXML,branch_y-cluster_3,236-G1,Vicky1-d11-236-G1A.mzXML,isolate,236-G1,OR,Vicky1-d11-236-G1A,y,a,3,Northwest,97498,3-y,9.328674927,207046,25.35744467,99.28636419,643
236-G1b,Vicky1.d11.236.G1B.mzXML.Peak.area,Vicky1-d11-236-G1B.mzXML,branch_y-cluster_3,236-G1,Vicky1-d11-236-G1B.mzXML,isolate,236-G1,OR,Vicky1-d11-236-G1B,y,b,3,Northwest,97498,3-y,8.14974712,40470,16.85229955,50.09759083,284
238-B1a,Vicky2.c5.238.B1A.mzXML.Peak.area,Vicky2-c5-238-B1A.mzXML,branch_u-cluster_1,238-B1,Vicky2-c5-238-B1A.mzXML,isolate,238-B1,CO,Vicky2-c5-238-B1A,u,a,1,Southwest,80447,1-u,9.139551352,159330,23.74868417,88.87058858,564
238-B1b,Vicky2.c5.238.B1B.mzXML.Peak.area,Vicky2-c5-238-B1B.mzXML,branch_u-cluster_1,238-B1,Vicky2-c5-238-B1B.mzXML,isolate,238-B1,CO,Vicky2-c5-238-B1B,u,b,1,Southwest,80447,1-u,8.845490051,106030,21.44761059,74.86267238,460
239-D10a,Vicky1.e5.239.D10A.mzXML.Peak.area,Vicky1-e5-239-D10A.mzXML,branch_u-cluster_1,239-D10,Vicky1-e5-239-D10A.mzXML,isolate,239-D10,TX,Vicky1-e5-239-D10A,u,a,1,South,78734,1-u,8.675957033,83845,20.22374842,67.84491606,409
239-D10b,Vicky1.e5.239.D10B.mzXML.Peak.area,Vicky1-e5-239-D10B.mzXML,branch_u-cluster_1,239-D10,Vicky1-e5-239-D10B.mzXML,isolate,239-D10,TX,Vicky1-e5-239-D10B,u,b,1,South,78734,1-u,8.339850003,52650,18,55.87516539,324
239-D12a,Vicky1.b4.239.D12A.mzXML.Peak.area,Vicky1-b4-239-D12A.mzXML,branch_u-cluster_1,239-D12,Vicky1-b4-239-D12A.mzXML,isolate,239-D12,TX,Vicky1-b4-239-D12A,u,a,1,South,78734,1-u,8.54303182,69751,19.31320792,62.82108817,373
239-D12b,Vicky1.b4.239.D12B.mzXML.Peak.area,Vicky1-b4-239-D12B.mzXML,branch_u-cluster_1,239-D12,Vicky1-b4-239-D12B.mzXML,isolate,239-D12,TX,Vicky1-b4-239-D12B,u,b,1,South,78734,1-u,9.52160044,270480,27.11088342,111.2143034,735
239-G9a,Vicky1.b3.239.G9A.mzXML.Peak.area,Vicky1-b3-239-G9A.mzXML,branch_u-cluster_1,239-G9,Vicky1-b3-239-G9A.mzXML,isolate,239-G9,WA,Vicky1-b3-239-G9A,u,a,1,Northwest,99353,1-u,8.276124405,48205,17.60681686,53.86491863,310
239-G9b,Vicky1.b3.239.G9B.mzXML.Peak.area,Vicky1-b3-239-G9B.mzXML,branch_u-cluster_1,239-G9,Vicky1-b3-239-G9B.mzXML,isolate,239-G9,WA,Vicky1-b3-239-G9B,u,b,1,Northwest,99353,1-u,9.35974956,216153,25.63201124,101.1146656,657
239-H3a,Vicky2.c12.239.H3A.mzXML.Peak.area,Vicky2-c12-239-H3A.mzXML,branch_v-cluster_5,239-H3,Vicky2-c12-239-H3A.mzXML,isolate,239-H3,WA,Vicky2-c12-239-H3A,v,a,5,Northwest,99353,5-v,8.857980995,107880,21.54065923,75.408584,464
239-H3b,Vicky2.c12.239.H3B.mzXML.Peak.area,Vicky2-c12-239-H3B.mzXML,branch_v-cluster_5,239-H3,Vicky2-c12-239-H3B.mzXML,isolate,239-H3,WA,Vicky2-c12-239-H3B,v,b,5,Northwest,99353,5-v,8.144658243,40186,16.82260384,49.95175849,283
239-H7a,Vicky2.c6.239.H7A.mzXML.Peak.area,Vicky2-c6-239-H7A.mzXML,branch_u-cluster_1,239-H7,Vicky2-c6-239-H7A.mzXML,isolate,239-H7,WA,Vicky2-c6-239-H7A,u,a,1,Northwest,99353,1-u,9.471675214,252405,26.64582519,107.9925949,710
239-H7b,Vicky2.c6.239.H7B.mzXML.Peak.area,Vicky2-c6-239-H7B.mzXML,branch_u-cluster_1,239-H7,Vicky2-c6-239-H7B.mzXML,isolate,239-H7,WA,Vicky2-c6-239-H7B,u,b,1,Northwest,99353,1-u,9.584962501,295296,27.71281292,115.4461581,768
239-H8a,Vicky3.a8.239.H8A.mzXML.Peak.area,Vicky3-a8-239-H8A.mzXML,branch_u-cluster_1,239-H8,Vicky3-a8-239-H8A.mzXML,isolate,239-H8,WA,Vicky3-a8-239-H8A,u,a,1,Northwest,99353,1-u,9.139551352,159330,23.74868417,88.87058858,564
239-H8b,Vicky3.a8.239.H8B.mzXML.Peak.area,Vicky3-a8-239-H8B.mzXML,branch_u-cluster_1,239-H8,Vicky3-a8-239-H8B.mzXML,isolate,239-H8,WA,Vicky3-a8-239-H8B,u,b,1,Northwest,99353,1-u,9.355351096,214840,25.59296778,100.8537838,655
241-F8a,Vicky1.f10.241.F8A.mzXML.Peak.area,Vicky1-f10-241-F8A.mzXML,branch_u-cluster_1,241-F8,Vicky1-f10-241-F8A.mzXML,isolate,241-F8,MN,Vicky1-f10-241-F8A,u,a,1,East North Central,55417,1-u,9.071462363,144991,23.19482701,85.40268437,538
241-F8b,Vicky1.f10.241.F8B.mzXML.Peak.area,Vicky1-f10-241-F8B.mzXML,branch_u-cluster_1,241-F8,Vicky1-f10-241-F8B.mzXML,isolate,241-F8,MN,Vicky1-f10-241-F8B,u,b,1,East North Central,55417,1-u,8.238404739,45753,17.3781472,52.71059399,302
241-F9a,Vicky2.c11.241.F9A.mzXML.Peak.area,Vicky2-c11-241-F9A.mzXML,branch_u-cluster_1,241-F9,Vicky2-c11-241-F9A.mzXML,isolate,241-F9,MN,Vicky2-c11-241-F9A,u,a,1,East North Central,55417,1-u,9.310612782,201930,25.19920634,98.23936162,635
241-F9b,Vicky2.c11.241.F9B.mzXML.Peak.area,Vicky2-c11-241-F9B.mzXML,branch_u-cluster_1,241-F9,Vicky2-c11-241-F9B.mzXML,isolate,241-F9,MN,Vicky2-c11-241-F9B,u,b,1,East North Central,55417,1-u,9.14974712,161596,23.83275058,89.40226189,568
244-G12a,Vicky2.d2.244.G12A.mzXML.Peak.area,Vicky2-d2-244-G12A.mzXML,branch_u-cluster_1,244-G12,Vicky2-d2-244-G12A.mzXML,isolate,244-G12,MI,Vicky2-d2-244-G12A,u,a,1,East North Central,49802,1-u,9.022367813,135460,22.8035085,82.98916002,520
244-G12b,Vicky2.d2.244.G12B.mzXML.Peak.area,Vicky2-d2-244-G12B.mzXML,branch_u-cluster_1,244-G12,Vicky2-d2-244-G12B.mzXML,isolate,244-G12,MI,Vicky2-d2-244-G12B,u,b,1,East North Central,49802,1-u,8.487840034,64620,18.94729532,60.84997156,359
245-E10a,Vicky2.c8.245.E10A.mzXML.Peak.area,Vicky2-c8-245-E10A.mzXML,branch_u-cluster_1,245-E10,Vicky2-c8-245-E10A.mzXML,isolate,245-E10,PA,Vicky2-c8-245-E10A,u,a,1,Northeast,18105,1-u,8.810571635,101025,21.1896201,73.3581662,449
245-E10b,Vicky2.c8.245.E10B.mzXML.Peak.area,Vicky2-c8-245-E10B.mzXML,branch_u-cluster_1,245-E10,Vicky2-c8-245-E10B.mzXML,isolate,245-E10,PA,Vicky2-c8-245-E10B,u,b,1,Northeast,18105,1-u,8.463524373,62481,18.78829423,60.0020313,353
247-G9a,Vicky2.c9.247.G9A.mzXML.Peak.area,Vicky2-c9-247-G9A.mzXML,branch_u-cluster_1,247-G9,Vicky2-c9-247-G9A.mzXML,isolate,247-G9,UT,Vicky2-c9-247-G9A,u,a,1,Southwest,84601,1-u,9.038918989,138601,22.93468988,83.79485394,526
247-G9b,Vicky2.c9.247.G9B.mzXML.Peak.area,Vicky2-c9-247-G9B.mzXML,branch_u-cluster_1,247-G9,Vicky2-c9-247-G9B.mzXML,isolate,247-G9,UT,Vicky2-c9-247-G9B,u,b,1,Southwest,84601,1-u,8.622051819,77815,19.84943324,65.75919084,394
253-D6a,Vicky2.e3.253.D6A.mzXML.Peak.area,Vicky2-e3-253-D6A.mzXML,branch_v-cluster_4,253-D6,Vicky2-e3-253-D6A.mzXML,isolate,253-D6,CA,Vicky2-e3-253-D6A,v,a,4,West,92624,4-v,8.936637939,120295,22.13594362,78.94220173,490
253-D6b,Vicky2.e3.253.D6B.mzXML.Peak.area,Vicky2-e3-253-D6B.mzXML,branch_v-cluster_4,253-D6,Vicky2-e3-253-D6B.mzXML,isolate,253-D6,CA,Vicky2-e3-253-D6B,v,b,4,West,92624,4-v,7.936637939,30135,15.65247584,44.35348981,245
253-G9a,Vicky1.d12.253.G9A.mzXML.Peak.area,Vicky1-d12-253-G9A.mzXML,branch_u-cluster_1,253-G9,Vicky1-d12-253-G9A.mzXML,isolate,253-G9,MN,Vicky1-d12-253-G9A,u,a,1,East North Central,56601,1-u,9.124121312,155961,23.62202362,88.07216721,558
253-G9b,Vicky1.d12.253.G9B.mzXML.Peak.area,Vicky1-d12-253-G9B.mzXML,branch_u-cluster_1,253-G9,Vicky1-d12-253-G9B.mzXML,isolate,253-G9,MN,Vicky1-d12-253-G9B,u,b,1,East North Central,56601,1-u,8.741466986,91806,20.68816087,70.47224264,428
258-B8a,Vicky2.d1.258.B8A.mzXML.Peak.area,Vicky2-d1-258-B8A.mzXML,branch_u-cluster_1,258-B8,Vicky2-d1-258-B8A.mzXML,isolate,258-B8,AL,Vicky2-d1-258-B8A,u,a,1,Southeast,35216,1-u,9,131328,22.627417,81.91301843,512
258-B8b,Vicky2.d1.258.B8B.mzXML.Peak.area,Vicky2-d1-258-B8B.mzXML,branch_u-cluster_1,258-B8,Vicky2-d1-258-B8B.mzXML,isolate,258-B8,AL,Vicky2-d1-258-B8B,u,b,1,Southeast,35216,1-u,8.204571144,43660,17.17556404,51.69707649,295
260-C1a,Vicky1.b5.260.C1A.mzXML.Peak.area,Vicky1-b5-260-C1A.mzXML,branch_u-cluster_1,260-C1,Vicky1-b5-260-C1A.mzXML,isolate,260-C1,CA,Vicky1-b5-260-C1A,u,a,1,West,92694,1-u,9.77148947,382375,29.563491,128.8926089,874
260-C1b,Vicky1.b5.260.C1B.mzXML.Peak.area,Vicky1-b5-260-C1B.mzXML,branch_u-cluster_1,260-C1,Vicky1-b5-260-C1B.mzXML,isolate,260-C1,CA,Vicky1-b5-260-C1B,u,b,1,West,92694,1-u,9.187352073,170236,24.14539294,91.39178591,583
260-D5a,Vicky1.a12.260.D5A.mzXML.Peak.area,Vicky1-a12-260-D5A.mzXML,branch_u-cluster_1,260-D5,Vicky1-a12-260-D5A.mzXML,isolate,260-D5,CA,Vicky1-a12-260-D5A,u,a,1,West,92629,1-u,10.03066714,547581,32.34192326,150.3007026,1046
260-D5b,Vicky1.a12.260.D5B.mzXML.Peak.area,Vicky1-a12-260-D5B.mzXML,branch_u-cluster_1,260-D5,Vicky1-a12-260-D5B.mzXML,isolate,260-D5,CA,Vicky1-a12-260-D5B,u,b,1,West,92629,1-u,9.519636253,269745,27.09243437,111.0857008,734
260-D9a,Vicky2.g4.260.D9A.mzXML.Peak.area,Vicky2-g4-260-D9A.mzXML,branch_w-cluster_2,260-D9,Vicky2-g4-260-D9A.mzXML,isolate,260-D9,CA,Vicky2-g4-260-D9A,w,a,2,West,92624,2-w,7.761551232,23653,14.73091986,40.14946491,217
260-D9b,Vicky2.g4.260.D9B.mzXML.Peak.area,Vicky2-g4-260-D9B.mzXML,branch_w-cluster_2,260-D9,Vicky2-g4-260-D9B.mzXML,isolate,260-D9,CA,Vicky2-g4-260-D9B,w,b,2,West,92624,2-w,7.21916852,11175,12.20655562,29.57665629,149
262-B7a,Vicky1.f11.262.B7A.mzXML.Peak.area,Vicky1-f11-262-B7A.mzXML,branch_u-cluster_1,262-B7,Vicky1-f11-262-B7A.mzXML,isolate,262-B7,CA,Vicky1-f11-262-B7A,u,a,1,West,92624,1-u,9.45532722,246753,26.4952826,106.95867,702
262-B7b,Vicky1.f11.262.B7B.mzXML.Peak.area,Vicky1-f11-262-B7B.mzXML,branch_u-cluster_1,262-B7,Vicky1-f11-262-B7B.mzXML,isolate,262-B7,CA,Vicky1-f11-262-B7B,u,b,1,West,92624,1-u,9.398743692,228150,25.98076211,103.4581312,675
263-C2a,Vicky1.e1.263.C2A.mzXML.Peak.area,Vicky1-e1-263-C2A.mzXML,branch_u-cluster_1,263-C2,Vicky1-e1-263-C2A.mzXML,isolate,263-C2,CA,Vicky1-e1-263-C2A,u,a,1,West,92673,1-u,9.54303182,278631,27.31300057,112.6274989,746
263-C2b,Vicky1.e1.263.C2B.mzXML.Peak.area,Vicky1-e1-263-C2B.mzXML,branch_u-cluster_1,263-C2,Vicky1-e1-263-C2B.mzXML,isolate,263-C2,CA,Vicky1-e1-263-C2B,u,b,1,West,92673,1-u,9.113742166,153735,23.53720459,87.53927235,554
264-C2a,Vicky1.c4.264.C2A.mzXML.Peak.area,Vicky1-c4-264-C2A.mzXML,branch_y-cluster_3,264-C2,Vicky1-c4-264-C2A.mzXML,isolate,264-C2,UT,Vicky1-c4-264-C2A,y,a,3,Southwest,84321,3-y,9.098032083,150426,23.40939982,86.73899808,548
264-C2b,Vicky1.c4.264.C2B.mzXML.Peak.area,Vicky1-c4-264-C2B.mzXML,branch_y-cluster_3,264-C2,Vicky1-c4-264-C2B.mzXML,isolate,264-C2,UT,Vicky1-c4-264-C2B,y,b,3,Southwest,84321,3-y,8.599912842,75466,19.6977156,64.9219348,388
264-D2a,Vicky1.e12.264.D2A.mzXML.Peak.area,Vicky1-e12-264-D2A.mzXML,branch_y-cluster_3,264-D2,Vicky1-e12-264-D2A.mzXML,isolate,264-D2,UT,Vicky1-e12-264-D2A,y,a,3,Southwest,84321,3-y,8.46760555,62835,18.81488772,60.14348997,354
264-D2b,Vicky1.e12.264.D2B.mzXML.Peak.area,Vicky1-e12-264-D2B.mzXML,branch_y-cluster_3,264-D2,Vicky1-e12-264-D2B.mzXML,isolate,264-D2,UT,Vicky1-e12-264-D2B,y,b,3,Southwest,84321,3-y,8.813781191,101475,21.21320344,73.49513895,450
266-C12a,Vicky1.h3.266.C12A.mzXML.Peak.area,Vicky1-h3-266-C12A.mzXML,branch_u-cluster_1,266-C12,Vicky1-h3-266-C12A.mzXML,isolate,266-C12,CA,Vicky1-h3-266-C12A,u,a,1,West,92694,1-u,9.041659152,139128,22.95648057,83.92901997,527
266-C12b,Vicky1.h3.266.C12B.mzXML.Peak.area,Vicky1-h3-266-C12B.mzXML,branch_u-cluster_1,266-C12,Vicky1-h3-266-C12B.mzXML,isolate,266-C12,CA,Vicky1-h3-266-C12B,u,b,1,West,92694,1-u,7.924812504,29646,15.58845727,44.05557857,243
266-H2a,Vicky1.e9.266.H2A.mzXML.Peak.area,Vicky1-e9-266-H2A.mzXML,branch_u-cluster_1,266-H2,Vicky1-e9-266-H2A.mzXML,isolate,266-H2,CA,Vicky1-e9-266-H2A,u,a,1,West,92675,1-u,8.647458426,80601,20.02498439,66.73382951,401
266-H2b,Vicky1.e9.266.H2B.mzXML.Peak.area,Vicky1-e9-266-H2B.mzXML,branch_u-cluster_1,266-H2,Vicky1-e9-266-H2B.mzXML,isolate,266-H2,CA,Vicky1-e9-266-H2B,u,b,1,West,92675,1-u,8.434628228,60031,18.60107524,59.01028186,346
267-A5a,Vicky1.f8.267.A5A.mzXML.Peak.area,Vicky1-f8-267-A5A.mzXML,branch_u-cluster_1,267-A5,Vicky1-f8-267-A5A.mzXML,isolate,267-A5,UT,Vicky1-f8-267-A5A,u,a,1,Southwest,84321,1-u,9.400879436,228826,26,103.5880908,676
267-A5b,Vicky1.f8.267.A5B.mzXML.Peak.area,Vicky1-f8-267-A5B.mzXML,branch_u-cluster_1,267-A5,Vicky1-f8-267-A5B.mzXML,isolate,267-A5,UT,Vicky1-f8-267-A5B,u,b,1,Southwest,84321,1-u,8.930737338,119316,22.09072203,78.67127409,488
267-B12a,Vicky1.e11.267.B12A.mzXML.Peak.area,Vicky1-e11-267-B12A.mzXML,branch_u-cluster_1,267-B12,Vicky1-e11-267-B12A.mzXML,isolate,267-B12,UT,Vicky1-e11-267-B12A,u,a,1,Southwest,84321,1-u,8.607330314,76245,19.74841766,65.20121227,390
267-B12b,Vicky1.e11.267.B12B.mzXML.Peak.area,Vicky1-e11-267-B12B.mzXML,branch_u-cluster_1,267-B12,Vicky1-e11-267-B12B.mzXML,isolate,267-B12,UT,Vicky1-e11-267-B12B,u,b,1,Southwest,84321,1-u,8.724513853,89676,20.5669638,69.78237613,423
267-F12a,Vicky2.g11.267.F12A.mzXML.Peak.area,Vicky2-g11-267-F12A.mzXML,branch_v-cluster_4,267-F12,Vicky2-g11-267-F12A.mzXML,isolate,267-F12,UT,Vicky2-g11-267-F12A,v,a,4,Southwest,84321,4-v,8.247927513,46360,17.43559577,52.99956828,304
267-F12b,Vicky2.g11.267.F12B.mzXML.Peak.area,Vicky2-g11-267-F12B.mzXML,branch_v-cluster_4,267-F12,Vicky2-g11-267-F12B.mzXML,isolate,267-F12,UT,Vicky2-g11-267-F12B,v,b,4,Southwest,84321,4-v,7.727920455,22578,14.56021978,39.39075919,212
267-G2a,Vicky2.g10.267.G2A.mzXML.Peak.area,Vicky2-g10-267-G2A.mzXML,branch_u-cluster_1,267-G2,Vicky2-g10-267-G2A.mzXML,isolate,267-G2,CA,Vicky2-g10-267-G2A,u,a,1,West,92694,1-u,9.060695932,142845,23.10844002,84.86726214,534
267-G2b,Vicky2.g10.267.G2B.mzXML.Peak.area,Vicky2-g10-267-G2B.mzXML,branch_u-cluster_1,267-G2,Vicky2-g10-267-G2B.mzXML,isolate,267-G2,CA,Vicky2-g10-267-G2B,u,b,1,West,92694,1-u,9.084808388,147696,23.3023604,86.0712388,543
268-A6a,Vicky1.d9.268.A6A.mzXML.Peak.area,Vicky1-d9-268-A6A.mzXML,branch_u-cluster_2,268-A6,Vicky1-d9-268-A6A.mzXML,isolate,268-A6,CA,Vicky1-d9-268-A6A,u,a,2,West,92675,2-u,8.611024797,76636,19.77371993,65.34077873,391
268-A6b,Vicky1.d9.268.A6B.mzXML.Peak.area,Vicky1-d9-268-A6B.mzXML,branch_u-cluster_2,268-A6,Vicky1-d9-268-A6B.mzXML,isolate,268-A6,CA,Vicky1-d9-268-A6B,u,b,2,West,92675,2-u,9.319672121,204480,25.27844932,98.76307065,639
268-A8a,Vicky2.b4.268.A8A.mzXML.Peak.area,Vicky2-b4-268-A8A.mzXML,branch_u-cluster_1,268-A8,Vicky2-b4-268-A8A.mzXML,isolate,268-A8,CA,Vicky2-b4-268-A8A,u,a,1,West,92675,1-u,8.930737338,119316,22.09072203,78.67127409,488
268-A8b,Vicky2.b4.268.A8B.mzXML.Peak.area,Vicky2-b4-268-A8B.mzXML,branch_u-cluster_1,268-A8,Vicky2-b4-268-A8B.mzXML,isolate,268-A8,CA,Vicky2-b4-268-A8B,u,b,1,West,92675,1-u,8.640244936,79800,19.97498436,66.45559594,399
268-B1a,Vicky1.h2.268.B1A.mzXML.Peak.area,Vicky1-h2-268-B1A.mzXML,branch_u-cluster_1,268-B1,Vicky1-h2-268-B1A.mzXML,isolate,268-B1,CA,Vicky1-h2-268-B1A,u,a,1,West,92694,1-u,9.250298418,185745,24.67792536,94.82489594,609
268-B1b,Vicky1.h2.268.B1B.mzXML.Peak.area,Vicky1-h2-268-B1B.mzXML,branch_u-cluster_1,268-B1,Vicky1-h2-268-B1B.mzXML,isolate,268-B1,CA,Vicky1-h2-268-B1B,u,b,1,West,92694,1-u,8.951284715,122760,22.24859546,79.61888968,495
268-F1a,Vicky1.c1.268.F1A.mzXML.Peak.area,Vicky1-c1-268-F1A.mzXML,branch_y-cluster_3,268-F1,Vicky1-c1-268-F1A.mzXML,isolate,268-F1,UT,Vicky1-c1-268-F1A,y,a,3,Southwest,84341,3-y,9.394462695,226801,25.94224354,103.1981391,673
268-F1b,Vicky1.c1.268.F1B.mzXML.Peak.area,Vicky1-c1-268-F1B.mzXML,branch_y-cluster_3,268-F1,Vicky1-c1-268-F1B.mzXML,isolate,268-F1,UT,Vicky1-c1-268-F1B,y,b,3,Southwest,84341,3-y,8.921840937,117855,22.02271555,78.26460982,485
269-B2a,Vicky2.a1.269.B2A.mzXML.Peak.area,Vicky2-a1-269-B2A.mzXML,branch_v-cluster_5,269-B2,Vicky2-a1-269-B2A.mzXML,isolate,269-B2,WY,Vicky2-a1-269-B2A,v,a,5,West North Central,82434,5-v,9.422064766,235641,26.19160171,104.8863628,686
269-B2b,Vicky2.a1.269.B2B.mzXML.Peak.area,Vicky2-a1-269-B2B.mzXML,branch_v-cluster_5,269-B2,Vicky2-a1-269-B2B.mzXML,isolate,269-B2,WY,Vicky2-a1-269-B2B,v,b,5,West North Central,82434,5-v,8.77478706,96141,20.92844954,71.84877862,438
269-B4a,Vicky2.g3.269.B4A.mzXML.Peak.area,Vicky2-g3-269-B4A.mzXML,branch_u-cluster_1,269-B4,Vicky2-g3-269-B4A.mzXML,isolate,269-B4,WY,Vicky2-g3-269-B4A,u,a,1,West North Central,82434,1-u,9.642051693,319600,28.26658805,119.4010029,799
269-B4b,Vicky2.g3.269.B4B.mzXML.Peak.area,Vicky2-g3-269-B4B.mzXML,branch_u-cluster_1,269-B4,Vicky2-g3-269-B4B.mzXML,isolate,269-B4,WY,Vicky2-g3-269-B4B,u,b,1,West North Central,82434,1-u,9.194756854,171991,24.20743687,91.78889799,586
269-D2a,Vicky1.c2.269.D2A.mzXML.Peak.area,Vicky1-c2-269-D2A.mzXML,branch_y-cluster_3,269-D2,Vicky1-c2-269-D2A.mzXML,isolate,269-D2,UT,Vicky1-c2-269-D2A,y,a,3,Southwest,84322,3-y,9.011227255,133386,22.71563338,82.4513604,516
269-D2b,Vicky1.c2.269.D2B.mzXML.Peak.area,Vicky1-c2-269-D2B.mzXML,branch_y-cluster_3,269-D2,Vicky1-c2-269-D2B.mzXML,isolate,269-D2,UT,Vicky1-c2-269-D2B,y,b,3,Southwest,84322,3-y,8.651051691,81003,20.04993766,66.87287651,402
269-E10a,Vicky1.h5.269.E10A.mzXML.Peak.area,Vicky1-h5-269-E10A.mzXML,branch_w-cluster_2,269-E10,Vicky1-h5-269-E10A.mzXML,isolate,269-E10,UT,Vicky1-h5-269-E10A,w,a,2,Southwest,84318,2-w,8.30833903,50403,17.80449381,54.87157316,317
269-E10b,Vicky1.h5.269.E10B.mzXML.Peak.area,Vicky1-h5-269-E10B.mzXML,branch_w-cluster_2,269-E10,Vicky1-h5-269-E10B.mzXML,isolate,269-E10,UT,Vicky1-h5-269-E10B,w,b,2,Southwest,84318,2-w,7.942514505,30381,15.68438714,44.50231533,246
269-E9a,Vicky1.h4.269.E9A.mzXML.Peak.area,Vicky1-h4-269-E9A.mzXML,branch_w-cluster_2,269-E9,Vicky1-h4-269-E9A.mzXML,isolate,269-E9,UT,Vicky1-h4-269-E9A,w,a,2,Southwest,84318,2-w,7.754887502,23436,14.69693846,39.99792824,216
269-E9b,Vicky1.h4.269.E9B.mzXML.Peak.area,Vicky1-h4-269-E9B.mzXML,branch_w-cluster_2,269-E9,Vicky1-h4-269-E9B.mzXML,isolate,269-E9,UT,Vicky1-h4-269-E9B,w,b,2,Southwest,84318,2-w,8.30833903,50403,17.80449381,54.87157316,317
272-A11a,Vicky1.e6.272.A11A.mzXML.Peak.area,Vicky1-e6-272-A11A.mzXML,branch_u-cluster_1,272-A11,Vicky1-e6-272-A11A.mzXML,isolate,272-A11,CA,Vicky1-e6-272-A11A,u,a,1,West,91351,1-u,9.082149041,147153,23.28089345,85.93759182,542
272-A11b,Vicky1.e6.272.A11B.mzXML.Peak.area,Vicky1-e6-272-A11B.mzXML,branch_u-cluster_1,272-A11,Vicky1-e6-272-A11B.mzXML,isolate,272-A11,CA,Vicky1-e6-272-A11B,u,b,1,West,91351,1-u,8.915879379,116886,21.97726098,77.99331733,483
272-A8a,Vicky2.b3.272.A8A.mzXML.Peak.area,Vicky2-b3-272-A8A.mzXML,branch_u-cluster_1,272-A8,Vicky2-b3-272-A8A.mzXML,isolate,272-A8,CA,Vicky2-b3-272-A8A,u,a,1,West,91351,1-u,9.238404739,182710,24.57641145,94.16616117,604
272-A8b,Vicky2.b3.272.A8B.mzXML.Peak.area,Vicky2-b3-272-A8B.mzXML,branch_u-cluster_1,272-A8,Vicky2-b3-272-A8B.mzXML,isolate,272-A8,CA,Vicky2-b3-272-A8B,u,b,1,West,91351,1-u,8.804131021,100128,21.14237451,73.08409958,447
275-C3a,Vicky1.e4.275.C3A.mzXML.Peak.area,Vicky1-e4-275-C3A.mzXML,branch_u-cluster_1,275-C3,Vicky1-e4-275-C3A.mzXML,isolate,275-C3,MO,Vicky1-e4-275-C3A,u,a,1,Central,64015,1-u,8.558420713,71253,19.41648784,63.38241056,377
275-C3b,Vicky1.e4.275.C3B.mzXML.Peak.area,Vicky1-e4-275-C3B.mzXML,branch_u-cluster_1,275-C3,Vicky1-e4-275-C3B.mzXML,isolate,275-C3,MO,Vicky1-e4-275-C3B,u,b,1,Central,64015,1-u,8.977279923,127260,22.44994432,80.8346862,504
279-H6a,Vicky1.e3.279.H6A.mzXML.Peak.area,Vicky1-e3-279-H6A.mzXML,branch_u-cluster_1,279-H6,Vicky1-e3-279-H6A.mzXML,isolate,279-H6,WA,Vicky1-e3-279-H6A,u,a,1,Northwest,99125,1-u,9.50779464,265356,26.98147513,110.3136252,728
279-H6b,Vicky1.e3.279.H6B.mzXML.Peak.area,Vicky1-e3-279-H6B.mzXML,branch_u-cluster_1,279-H6,Vicky1-e3-279-H6B.mzXML,isolate,279-H6,WA,Vicky1-e3-279-H6B,u,b,1,Northwest,99125,1-u,9.005624549,132355,22.6715681,82.18225754,514
280-A8a,Vicky1.d5.280.A8A.mzXML.Peak.area,Vicky1-d5-280-A8A.mzXML,branch_u-cluster_1,280-A8,Vicky1-d5-280-A8A.mzXML,isolate,280-A8,CA,Vicky1-d5-280-A8A,u,a,1,West,92570,1-u,9.310612782,201930,25.19920634,98.23936162,635
280-A8b,Vicky1.d5.280.A8B.mzXML.Peak.area,Vicky1-d5-280-A8B.mzXML,branch_u-cluster_1,280-A8,Vicky1-d5-280-A8B.mzXML,isolate,280-A8,CA,Vicky1-d5-280-A8B,u,b,1,West,92570,1-u,8.622051819,77815,19.84943324,65.75919084,394
280-B9a,Vicky3.c1.280.B9A.mzXML.Peak.area,Vicky3-c1-280-B9A.mzXML,branch_u-cluster_1,280-B9,Vicky3-c1-280-B9A.mzXML,isolate,280-B9,CA,Vicky3-c1-280-B9A,u,a,1,West,95125,1-u,8.569855608,72390,19.49358869,63.80287434,380
280-B9b,Vicky3.c1.280.B9B.mzXML.Peak.area,Vicky3-c1-280-B9B.mzXML,branch_u-cluster_1,280-B9,Vicky3-c1-280-B9B.mzXML,isolate,280-B9,CA,Vicky3-c1-280-B9B,u,b,1,West,95125,1-u,8.758223215,93961,20.80865205,71.1610383,433
282-B3a,Vicky2.f1.282.B3A.mzXML.Peak.area,Vicky2-f1-282-B3A.mzXML,branch_v-cluster_4,282-B3,Vicky2-f1-282-B3A.mzXML,isolate,282-B3,UT,Vicky2-f1-282-B3A,v,a,4,Southwest,84337,4-v,8.479780264,63903,18.89444363,60.5675405,357
282-B3b,Vicky2.f1.282.B3B.mzXML.Peak.area,Vicky2-f1-282-B3B.mzXML,branch_v-cluster_4,282-B3,Vicky2-f1-282-B3B.mzXML,isolate,282-B3,UT,Vicky2-f1-282-B3B,v,b,4,Southwest,84337,4-v,8.566054038,72010,19.46792233,63.6627697,379
282-B6a,Vicky2.a12.282.B6A.mzXML.Peak.area,Vicky2-a12-282-B6A.mzXML,branch_w-cluster_2,282-B6,Vicky2-a12-282-B6A.mzXML,isolate,282-B6,UT,Vicky2-a12-282-B6A,w,a,2,Southwest,84337,2-w,8.339850003,52650,18,55.87516539,324
282-B6b,Vicky2.a12.282.B6B.mzXML.Peak.area,Vicky2-a12-282-B6B.mzXML,branch_w-cluster_2,282-B6,Vicky2-a12-282-B6B.mzXML,isolate,282-B6,UT,Vicky2-a12-282-B6B,w,b,2,Southwest,84337,2-w,8.174925683,41905,17,50.82568184,289
282-E10a,Vicky1.e7.282.E10A.mzXML.Peak.area,Vicky1-e7-282-E10A.mzXML,branch_u-cluster_1,282-E10,Vicky1-e7-282-E10A.mzXML,isolate,282-E10,MD,Vicky1-e7-282-E10A,u,a,1,Northeast,21219,1-u,8.882643049,111628,21.72556098,76.49855572,472
282-E10b,Vicky1.e7.282.E10B.mzXML.Peak.area,Vicky1-e7-282-E10B.mzXML,branch_u-cluster_1,282-E10,Vicky1-e7-282-E10B.mzXML,isolate,282-E10,MD,Vicky1-e7-282-E10B,u,b,1,Northeast,21219,1-u,9.098032083,150426,23.40939982,86.73899808,548
295-C11a,Vicky2.e1.295.C11A.mzXML.Peak.area,Vicky2-e1-295-C11A.mzXML,branch_v-cluster_4,295-C11,Vicky2-e1-295-C11A.mzXML,isolate,295-C11,ID,Vicky2-e1-295-C11A,v,a,4,Northwest,83301,4-v,8.129283017,39340,16.73320053,49.51382743,280
295-C11b,Vicky2.e1.295.C11B.mzXML.Peak.area,Vicky2-e1-295-C11B.mzXML,branch_v-cluster_4,295-C11,Vicky2-e1-295-C11B.mzXML,isolate,295-C11,ID,Vicky2-e1-295-C11B,v,b,4,Northwest,83301,4-v,7.483815777,16110,13.37908816,34.31400838,179
296-H5a,Vicky2.g1.296.H5A.mzXML.Peak.area,Vicky2-g1-296-H5A.mzXML,branch_v-cluster_4,296-H5,Vicky2-g1-296-H5A.mzXML,isolate,296-H5,UT,Vicky2-g1-296-H5A,v,a,4,Southwest,84041,4-v,8.159871337,41041,16.91153453,50.38904043,286
296-H5b,Vicky2.g1.296.H5B.mzXML.Peak.area,Vicky2-g1-296-H5B.mzXML,branch_v-cluster_4,296-H5,Vicky2-g1-296-H5B.mzXML,isolate,296-H5,UT,Vicky2-g1-296-H5B,v,b,4,Southwest,84041,4-v,8.087462841,37128,16.4924225,48.34277001,272
306-B5a,Vicky1.d6.306.B5A.mzXML.Peak.area,Vicky1-d6-306-B5A.mzXML,branch_u-cluster_2,306-B5,Vicky1-d6-306-B5A.mzXML,isolate,306-B5,AZ,Vicky1-d6-306-B5A,u,a,2,Southwest,85255,2-u,10.35314683,856086,36.16628264,182.128434,1308
306-B5b,Vicky1.d6.306.B5B.mzXML.Peak.area,Vicky1-d6-306-B5B.mzXML,branch_u-cluster_2,306-B5,Vicky1-d6-306-B5B.mzXML,isolate,306-B5,AZ,Vicky1-d6-306-B5B,u,b,2,Southwest,85255,2-u,10.34318572,844350,36.04164258,181.0484907,1299
307-A3a,Vicky1.e2.307.A3A.mzXML.Peak.area,Vicky1-e2-307-A3A.mzXML,branch_u-cluster_1,307-A3,Vicky1-e2-307-A3A.mzXML,isolate,307-A3,MO,Vicky1-e2-307-A3A,u,a,1,Central,64015,1-u,8.968666793,125751,22.38302929,80.42973801,501
307-A3b,Vicky1.e2.307.A3B.mzXML.Peak.area,Vicky1-e2-307-A3B.mzXML,branch_u-cluster_1,307-A3,Vicky1-e2-307-A3B.mzXML,isolate,307-A3,MO,Vicky1-e2-307-A3B,u,b,1,Central,64015,1-u,9.071462363,144991,23.19482701,85.40268437,538
307-C11a,Vicky1.d4.307.C11A.mzXML.Peak.area,Vicky1-d4-307-C11A.mzXML,branch_u-cluster_1,307-C11,Vicky1-d4-307-C11A.mzXML,isolate,307-C11,CA,Vicky1-d4-307-C11A,u,a,1,West,95125,1-u,9.049848549,140715,23.02172887,84.33132029,530
307-C11b,Vicky1.d4.307.C11B.mzXML.Peak.area,Vicky1-d4-307-C11B.mzXML,branch_u-cluster_1,307-C11,Vicky1-d4-307-C11B.mzXML,isolate,307-C11,CA,Vicky1-d4-307-C11B,u,b,1,West,95125,1-u,9.184875343,169653,24.12467616,91.25935709,582
308-A12a,Vicky2.e4.308.A12A.mzXML.Peak.area,Vicky2-e4-308-A12A.mzXML,branch_v-cluster_4,308-A12,Vicky2-e4-308-A12A.mzXML,isolate,308-A12,CO,Vicky2-e4-308-A12A,v,a,4,Southwest,80401,4-v,8.426264755,59340,18.54723699,58.72642427,344
308-A12b,Vicky2.e4.308.A12B.mzXML.Peak.area,Vicky2-e4-308-A12B.mzXML,branch_v-cluster_4,308-A12,Vicky2-e4-308-A12B.mzXML,isolate,308-A12,CO,Vicky2-e4-308-A12B,v,b,4,Southwest,80401,4-v,8.317412614,51040,17.8605711,55.15862256,319
308-G8a,Vicky3.a1.308.G8A.mzXML.Peak.area,Vicky3-a1-308-G8A.mzXML,branch_u-cluster_1,308-G8,Vicky3-a1-308-G8A.mzXML,isolate,308-G8,CA,Vicky3-a1-308-G8A,u,a,1,West,95673,1-u,8.654636029,81406,20.0748599,67.01187716,403
308-G8b,Vicky3.a1.308.G8B.mzXML.Peak.area,Vicky3-a1-308-G8B.mzXML,branch_u-cluster_2,308-G8,Vicky3-a1-308-G8B.mzXML,isolate,308-G8,CA,Vicky3-a1-308-G8B,u,b,2,West,95673,2-u,8.985841937,128778,22.5166605,81.23932023,507
310-A12a,Vicky2.h1.310.A12A.mzXML.Peak.area,Vicky2-h1-310-A12A.mzXML,branch_v-cluster_5,310-A12,Vicky2-h1-310-A12A.mzXML,isolate,310-A12,AZ,Vicky2-h1-310-A12A,v,a,5,Southwest,85086,5-v,9.493855449,260281,26.85144316,109.4118649,721
310-A12b,Vicky2.h1.310.A12B.mzXML.Peak.area,Vicky2-h1-310-A12B.mzXML,branch_v-cluster_5,310-A12,Vicky2-h1-310-A12B.mzXML,isolate,310-A12,AZ,Vicky2-h1-310-A12B,v,b,5,Southwest,85086,5-v,7.864186145,27261,15.26433752,42.56069774,233
310-G10a,Vicky1.c6.310.G10A.mzXML.Peak.area,Vicky1-c6-310-G10A.mzXML,branch_u-cluster_1,310-G10,Vicky1-c6-310-G10A.mzXML,isolate,310-G10,OK,Vicky1-c6-310-G10A,u,a,1,South,73119,1-u,9.82336724,410871,30.09983389,132.9115547,906
310-G10b,Vicky1.c6.310.G10B.mzXML.Peak.area,Vicky1-c6-310-G10B.mzXML,branch_u-cluster_1,310-G10,Vicky1-c6-310-G10B.mzXML,isolate,310-G10,OK,Vicky1-c6-310-G10B,u,b,1,South,73119,1-u,9.499845887,262450,26.90724809,109.7984669,724
315-H8a,Vicky2.h8.315.H8B.mzXML.Peak.area,Vicky2-h8-315-H8B.mzXML,branch_v-cluster_4,315-H8,Vicky2-h8-315-H8B.mzXML,isolate,315-H8,CO,Vicky2-h8-315-H8B,v,a,4,Southwest,81101,4-v,8.891783703,113050,21.79449472,76.90666712,475
315-H8b,Vicky2.h8.315.H8A.mzXML.Peak.area,Vicky2-h8-315-H8A.mzXML,branch_v-cluster_4,315-H8,Vicky2-h8-315-H8A.mzXML,isolate,315-H8,CO,Vicky2-h8-315-H8A,v,b,4,Southwest,81101,4-v,9.041659152,139128,22.95648057,83.92901997,527
316-E1a,Vicky1.d8.316.E1A.mzXML.Peak.area,Vicky1-d8-316-E1A.mzXML,branch_u-cluster_1,316-E1,Vicky1-d8-316-E1A.mzXML,isolate,316-E1,NV,Vicky1-d8-316-E1A,u,a,1,West,89406,1-u,9.689997971,341551,28.74021573,122.8300989,826
316-E1b,Vicky1.d8.316.E1B.mzXML.Peak.area,Vicky1-d8-316-E1B.mzXML,branch_u-cluster_1,316-E1,Vicky1-d8-316-E1B.mzXML,isolate,316-E1,NV,Vicky1-d8-316-E1B,u,b,1,West,89406,1-u,9.485829309,257403,26.77685568,108.8960823,717
316-E2a,Vicky1.c7.316.E2A.mzXML.Peak.area,Vicky1-c7-316-E2A.mzXML,branch_u-cluster_1,316-E2,Vicky1-c7-316-E2A.mzXML,isolate,316-E2,NV,Vicky1-c7-316-E2A,u,a,1,West,89406,1-u,9.491853096,259560,26.83281573,109.2829529,720
316-E2b,Vicky1.c7.316.E2B.mzXML.Peak.area,Vicky1-c7-316-E2B.mzXML,branch_u-cluster_1,316-E2,Vicky1-c7-316-E2B.mzXML,isolate,316-E2,NV,Vicky1-c7-316-E2B,u,b,1,West,89406,1-u,9.926295995,473851,31.19294792,141.2711832,973
319-E8a,Vicky1.f12.319.E8A.mzXML.Peak.area,Vicky1-f12-319-E8A.mzXML,branch_u-cluster_1,319-E8,Vicky1-f12-319-E8A.mzXML,isolate,319-E8,CT,Vicky1-f12-319-E8A,u,a,1,Northeast,6902,1-u,8.84862294,106491,21.47091055,74.99920872,461
319-E8b,Vicky1.f12.319.E8B.mzXML.Peak.area,Vicky1-f12-319-E8B.mzXML,branch_u-cluster_1,319-E8,Vicky1-f12-319-E8B.mzXML,isolate,319-E8,CT,Vicky1-f12-319-E8B,u,b,1,Northeast,6902,1-u,9.584962501,295296,27.71281292,115.4461581,768
325-E11a,Vicky2.c2.325.E11A.mzXML.Peak.area,Vicky2-c2-325-E11A.mzXML,branch_x-cluster_6,325-E11,Vicky2-c2-325-E11A.mzXML,isolate,325-E11,TX,Vicky2-c2-325-E11A,x,a,6,South,75218,6-x,8.577428828,73153,19.54482029,64.08293459,382
325-E11b,Vicky2.c2.325.E11B.mzXML.Peak.area,Vicky2-c2-325-E11B.mzXML,branch_x-cluster_6,325-E11,Vicky2-c2-325-E11B.mzXML,isolate,325-E11,TX,Vicky2-c2-325-E11B,x,b,6,South,75218,6-x,8.434628228,60031,18.60107524,59.01028186,346
326-C4a,Vicky2.h6.326.C4B.mzXML.Peak.area,Vicky2-h6-326-C4B.mzXML,branch_v-cluster_5,326-C4,Vicky2-h6-326-C4B.mzXML,isolate,326-C4,NV,Vicky2-h6-326-C4B,v,a,5,West,89436,5-v,8.405141463,57630,18.41195264,58.01579021,339
326-C4b,Vicky2.h6.326.C4A.mzXML.Peak.area,Vicky2-h6-326-C4A.mzXML,branch_v-cluster_5,326-C4,Vicky2-h6-326-C4A.mzXML,isolate,326-C4,NV,Vicky2-h6-326-C4A,v,b,5,West,89436,5-v,9.01402047,133903,22.737634,82.58586094,517
330-C2a,Vicky1.g2.330.C2A.mzXML.Peak.area,Vicky1-g2-330-C2A.mzXML,branch_u-cluster_1,330-C2,Vicky1-g2-330-C2A.mzXML,isolate,330-C2,IL,Vicky1-g2-330-C2A,u,a,1,Central,60304,1-u,8.527477006,68265,19.20937271,62.25895123,369
330-C2b,Vicky1.g2.330.C2B.mzXML.Peak.area,Vicky1-g2-330-C2B.mzXML,branch_u-cluster_1,330-C2,Vicky1-g2-330-C2B.mzXML,isolate,330-C2,IL,Vicky1-g2-330-C2B,u,b,1,Central,60304,1-u,7.882643049,27966,15.3622915,43.01010873,236
331-B9a,Vicky3.a3.331.B9A.mzXML.Peak.area,Vicky3-a3-331-B9A.mzXML,branch_u-cluster_2,331-B9,Vicky3-a3-331-B9A.mzXML,isolate,331-B9,FL,Vicky3-a3-331-B9A,u,a,2,Southeast,32578,2-u,9.868822555,437580,30.5777697,136.5387979,935
331-B9b,Vicky3.a3.331.B9B.mzXML.Peak.area,Vicky3-a3-331-B9B.mzXML,branch_u-cluster_2,331-B9,Vicky3-a3-331-B9B.mzXML,isolate,331-B9,FL,Vicky3-a3-331-B9B,u,b,2,Southeast,32578,2-u,8.918863237,117370,22,78.12898194,484
331-G7a,Vicky1.g4.331.G7A.mzXML.Peak.area,Vicky1-g4-331-G7A.mzXML,branch_u-cluster_1,331-G7,Vicky1-g4-331-G7A.mzXML,isolate,331-G7,UT,Vicky1-g4-331-G7A,u,a,1,Southwest,84651,1-u,9.2644426,189420,24.79919354,95.61446849,615
331-G7b,Vicky1.g4.331.G7B.mzXML.Peak.area,Vicky1-g4-331-G7B.mzXML,branch_u-cluster_1,331-G7,Vicky1-g4-331-G7B.mzXML,isolate,331-G7,UT,Vicky1-g4-331-G7B,u,b,1,Southwest,84651,1-u,9.076815597,146070,23.23790008,85.67020215,540
333-A8a,Vicky2.f6.333.A8A.mzXML.Peak.area,Vicky2-f6-333-A8A.mzXML,branch_v-cluster_5,333-A8,Vicky2-f6-333-A8A.mzXML,isolate,333-A8,AZ,Vicky2-f6-333-A8A,v,a,5,Southwest,85013,5-v,8.885696373,112101,21.74856317,76.63463061,473
333-A8b,Vicky2.f6.333.A8B.mzXML.Peak.area,Vicky2-f6-333-A8B.mzXML,branch_v-cluster_5,333-A8,Vicky2-f6-333-A8B.mzXML,isolate,333-A8,AZ,Vicky2-f6-333-A8B,v,b,5,Southwest,85013,5-v,8.74819285,92665,20.73644135,70.74788853,430
333-E11a,Vicky1.g1.333.E11A.mzXML.Peak.area,Vicky1-g1-333-E11A.mzXML,branch_u-cluster_2,333-E11,Vicky1-g1-333-E11A.mzXML,isolate,333-E11,OK,Vicky1-g1-333-E11A,u,a,2,South,73112,2-u,10.10721708,608856,33.21144381,157.2984851,1103
333-E11b,Vicky1.g1.333.E11B.mzXML.Peak.area,Vicky1-g1-333-E11B.mzXML,branch_u-cluster_1,333-E11,Vicky1-g1-333-E11B.mzXML,isolate,333-E11,OK,Vicky1-g1-333-E11B,u,b,1,South,73112,1-u,9.202123824,173755,24.2693222,92.18574976,589
334-A8a,Vicky1.g12.334.A8A.mzXML.Peak.area,Vicky1-g12-334-A8A.mzXML,branch_w-cluster_2,334-A8,Vicky1-g12-334-A8A.mzXML,isolate,334-A8,UT,Vicky1-g12-334-A8A,w,a,2,Southwest,84321,2-w,8.442943496,60726,18.65475811,59.29391562,348
334-A8b,Vicky1.g12.334.A8B.mzXML.Peak.area,Vicky1-g12-334-A8B.mzXML,branch_w-cluster_2,334-A8,Vicky1-g12-334-A8B.mzXML,isolate,334-A8,UT,Vicky1-g12-334-A8B,w,b,2,Southwest,84321,2-w,7.948367232,30628,15.71623365,44.6510547,247
335-F9a,Vicky2.d7.335.F9A.mzXML.Peak.area,Vicky2-d7-335-F9A.mzXML,branch_v-cluster_4,335-F9,Vicky2-d7-335-F9A.mzXML,isolate,335-F9,NY,Vicky2-d7-335-F9A,v,a,4,Northeast,10709,4-v,8.438791853,60378,18.62793601,59.15212662,347
335-F9b,Vicky2.d7.335.F9B.mzXML.Peak.area,Vicky2-d7-335-F9B.mzXML,branch_v-cluster_4,335-F9,Vicky2-d7-335-F9B.mzXML,isolate,335-F9,NY,Vicky2-d7-335-F9B,v,b,4,Northeast,10709,4-v,8.686500527,85078,20.29778313,68.26082148,412
337-A5a,Vicky1.f2.337.A5A.mzXML.Peak.area,Vicky1-f2-337-A5A.mzXML,branch_u-cluster_1,337-A5,Vicky1-f2-337-A5A.mzXML,isolate,337-A5,AZ,Vicky1-f2-337-A5A,u,a,1,Southwest,85637,1-u,8.842350343,105570,21.42428529,74.72609692,459
337-A5b,Vicky1.f2.337.A5B.mzXML.Peak.area,Vicky1-f2-337-A5B.mzXML,branch_u-cluster_1,337-A5,Vicky1-f2-337-A5B.mzXML,isolate,337-A5,AZ,Vicky1-f2-337-A5B,u,b,1,Southwest,85637,1-u,8.396604781,56953,18.35755975,57.73113614,337
337-B2a,Vicky1.g6.337.B2A.mzXML.Peak.area,Vicky1-g6-337-B2A.mzXML,branch_u-cluster_1,337-B2,Vicky1-g6-337-B2A.mzXML,isolate,337-B2,AL,Vicky1-g6-337-B2A,u,a,1,Southeast,36083,1-u,8.483815777,64261,18.92088793,60.70878283,358
337-B2b,Vicky1.g6.337.B2B.mzXML.Peak.area,Vicky1-g6-337-B2B.mzXML,branch_u-cluster_1,337-B2,Vicky1-g6-337-B2B.mzXML,isolate,337-B2,AL,Vicky1-g6-337-B2B,u,b,1,Southeast,36083,1-u,8.118941073,38781,16.673332,49.22150841,278
339-A11a,Vicky2.h2.339.A11B.mzXML.Peak.area,Vicky2-h2-339-A11B.mzXML,branch_u-cluster_1,339-A11,Vicky2-h2-339-A11B.mzXML,isolate,339-A11,AZ,Vicky2-h2-339-A11B,u,a,1,Southwest,85006,1-u,7.636624621,19900,14.10673598,37.40574302,199
339-A11b,Vicky2.h2.339.A11A.mzXML.Peak.area,Vicky2-h2-339-A11A.mzXML,branch_u-cluster_1,339-A11,Vicky2-h2-339-A11A.mzXML,isolate,339-A11,AZ,Vicky2-h2-339-A11A,u,b,1,Southwest,85006,1-u,8.661778098,82215,20.1246118,67.28974004,405
339-F8a,Vicky2.d8.339.F8A.mzXML.Peak.area,Vicky2-d8-339-F8A.mzXML,branch_v-cluster_4,339-F8,Vicky2-d8-339-F8A.mzXML,isolate,339-F8,OR,Vicky2-d8-339-F8A,v,a,4,Northwest,97216,4-v,8.011227255,33411,16.0623784,46.28162623,258
339-F8b,Vicky2.d8.339.F8B.mzXML.Peak.area,Vicky2-d8-339-F8B.mzXML,branch_v-cluster_4,339-F8,Vicky2-d8-339-F8B.mzXML,isolate,339-F8,OR,Vicky2-d8-339-F8B,v,b,4,Northwest,97216,4-v,7.864186145,27261,15.26433752,42.56069774,233
340-B7a,Vicky3.a7.340.B7A.mzXML.Peak.area,Vicky3-a7-340-B7A.mzXML,branch_u-cluster_1,340-B7,Vicky3-a7-340-B7A.mzXML,isolate,340-B7,AZ,Vicky3-a7-340-B7A,u,a,1,Southwest,85006,1-u,9.491853096,259560,26.83281573,109.2829529,720
340-B7b,Vicky3.a7.340.B7B.mzXML.Peak.area,Vicky3-a7-340-B7B.mzXML,branch_u-cluster_1,340-B7,Vicky3-a7-340-B7B.mzXML,isolate,340-B7,AZ,Vicky3-a7-340-B7B,u,b,1,Southwest,85006,1-u,9.392317423,226128,25.92296279,103.0681065,672
342-G4a,Vicky1.f3.342.G4A.mzXML.Peak.area,Vicky1-f3-342-G4A.mzXML,branch_u-cluster_1,342-G4,Vicky1-f3-342-G4A.mzXML,isolate,342-G4,OK,Vicky1-f3-342-G4A,u,a,1,South,74047,1-u,9.659995892,327645,28.44292531,120.67268,809
342-G4b,Vicky1.f3.342.G4B.mzXML.Peak.area,Vicky1-f3-342-G4B.mzXML,branch_u-cluster_1,342-G4,Vicky1-f3-342-G4B.mzXML,isolate,342-G4,OK,Vicky1-f3-342-G4B,u,b,1,South,74047,1-u,9.556506055,283881,27.44084547,113.5254521,753
342-G5a,Vicky1.g7.342.G5A.mzXML.Peak.area,Vicky1-g7-342-G5A.mzXML,branch_u-cluster_1,342-G5,Vicky1-g7-342-G5A.mzXML,isolate,342-G5,OK,Vicky1-g7-342-G5A,u,a,1,South,74047,1-u,9.172427509,166753,24.0208243,90.59677417,577
342-G5b,Vicky1.g7.342.G5B.mzXML.Peak.area,Vicky1-g7-342-G5B.mzXML,branch_u-cluster_1,342-G5,Vicky1-g7-342-G5B.mzXML,isolate,342-G5,OK,Vicky1-g7-342-G5B,u,b,1,South,74047,1-u,9.301496195,199396,25.11971337,97.71523384,631
346-A6a,Vicky1.h8.346.A6A.mzXML.Peak.area,Vicky1-h8-346-A6A.mzXML,branch_u-cluster_1,346-A6,Vicky1-h8-346-A6A.mzXML,isolate,346-A6,AZ,Vicky1-h8-346-A6A,u,a,1,Southwest,85006,1-u,9.063395081,143380,23.13006701,85.00116622,535
346-A6b,Vicky1.h8.346.A6B.mzXML.Peak.area,Vicky1-h8-346-A6B.mzXML,branch_u-cluster_1,346-A6,Vicky1-h8-346-A6B.mzXML,isolate,346-A6,AZ,Vicky1-h8-346-A6B,u,b,1,Southwest,85006,1-u,9.005624549,132355,22.6715681,82.18225754,514
347-B1a,Vicky2.f9.347.B1A.mzXML.Peak.area,Vicky2-f9-347-B1A.mzXML,branch_v-cluster_5,347-B1,Vicky2-f9-347-B1A.mzXML,isolate,347-B1,CA,Vicky2-f9-347-B1A,v,a,5,West,92373,5-v,8.942514505,121278,22.18107301,79.21298474,492
347-B1b,Vicky2.f9.347.B1B.mzXML.Peak.area,Vicky2-f9-347-B1B.mzXML,branch_v-cluster_5,347-B1,Vicky2-f9-347-B1B.mzXML,isolate,347-B1,CA,Vicky2-f9-347-B1B,v,b,5,West,92373,5-v,7.787902559,24531,14.86606875,40.75460711,221
347-D10a,Vicky1.g9.347.D10A.mzXML.Peak.area,Vicky1-g9-347-D10A.mzXML,branch_u-cluster_1,347-D10,Vicky1-g9-347-D10A.mzXML,isolate,347-D10,OK,Vicky1-g9-347-D10A,u,a,1,South,73055,1-u,8.46760555,62835,18.81488772,60.14348997,354
347-D10b,Vicky1.g9.347.D10B.mzXML.Peak.area,Vicky1-g9-347-D10B.mzXML,branch_u-cluster_1,347-D10,Vicky1-g9-347-D10B.mzXML,isolate,347-D10,OK,Vicky1-g9-347-D10B,u,b,1,South,73055,1-u,8.348728154,53301,18.05547009,56.16135531,326
347-D12a,Vicky1.f4.347.D12A.mzXML.Peak.area,Vicky1-f4-347-D12A.mzXML,branch_u-cluster_1,347-D12,Vicky1-f4-347-D12A.mzXML,isolate,347-D12,NE,Vicky1-f4-347-D12A,u,a,1,West North Central,68901,1-u,9.355351096,214840,25.59296778,100.8537838,655
347-D12b,Vicky1.f4.347.D12B.mzXML.Peak.area,Vicky1-f4-347-D12B.mzXML,branch_u-cluster_1,347-D12,Vicky1-f4-347-D12B.mzXML,isolate,347-D12,NE,Vicky1-f4-347-D12B,u,b,1,West North Central,68901,1-u,9.243173983,183921,24.61706725,94.42973824,606
348-B5a,Vicky2.g8.348.B5A.mzXML.Peak.area,Vicky2-g8-348-B5A.mzXML,branch_v-cluster_5,348-B5,Vicky2-g8-348-B5A.mzXML,isolate,348-B5,CA,Vicky2-g8-348-B5A,v,a,5,West,95110,5-v,8.430452552,59685,18.57417562,58.86838115,345
348-B5b,Vicky2.g8.348.B5B.mzXML.Peak.area,Vicky2-g8-348-B5B.mzXML,branch_v-cluster_5,348-B5,Vicky2-g8-348-B5B.mzXML,isolate,348-B5,CA,Vicky2-g8-348-B5B,v,b,5,West,95110,5-v,8.405141463,57630,18.41195264,58.01579021,339
349-G2a,Vicky1.h7.349.G2A.mzXML.Peak.area,Vicky1-h7-349-G2A.mzXML,branch_u-cluster_1,349-G2,Vicky1-h7-349-G2A.mzXML,isolate,349-G2,TX,Vicky1-h7-349-G2A,u,a,1,South,77511,1-u,9.167418146,165600,23.97915762,90.33153504,575
349-G2b,Vicky1.h7.349.G2B.mzXML.Peak.area,Vicky1-h7-349-G2B.mzXML,branch_u-cluster_1,349-G2,Vicky1-h7-349-G2B.mzXML,isolate,349-G2,TX,Vicky1-h7-349-G2B,u,b,1,South,77511,1-u,8.888743249,112575,21.77154106,76.77066771,474
352-A7a,Vicky1.g8.352.A7A.mzXML.Peak.area,Vicky1-g8-352-A7A.mzXML,branch_u-cluster_1,352-A7,Vicky1-g8-352-A7A.mzXML,isolate,352-A7,CA,Vicky1-g8-352-A7A,u,a,1,West,92705,1-u,9.812177306,404550,29.9833287,132.0339112,899
352-A7b,Vicky1.g8.352.A7B.mzXML.Peak.area,Vicky1-g8-352-A7B.mzXML,branch_u-cluster_1,352-A7,Vicky1-g8-352-A7B.mzXML,isolate,352-A7,CA,Vicky1-g8-352-A7B,u,b,1,West,92705,1-u,9.262094845,188805,24.77902339,95.48294148,614
353-E9a,Vicky2.a7.353.E9A.mzXML.Peak.area,Vicky2-a7-353-E9A.mzXML,branch_u-cluster_1,353-E9,Vicky2-a7-353-E9A.mzXML,isolate,353-E9,MT,Vicky2-a7-353-E9A,u,a,1,West North Central,59054,1-u,9.451211112,245350,26.45751311,106.6999585,700
353-E9b,Vicky2.a7.353.E9B.mzXML.Peak.area,Vicky2-a7-353-E9B.mzXML,branch_u-cluster_1,353-E9,Vicky2-a7-353-E9B.mzXML,isolate,353-E9,MT,Vicky2-a7-353-E9B,u,b,1,West North Central,59054,1-u,9.224001674,179101,24.45403852,93.37475966,598
354-B6a,Vicky2.a6.354.B6A.mzXML.Peak.area,Vicky2-a6-354-B6A.mzXML,branch_x-cluster_6,354-B6,Vicky2-a6-354-B6A.mzXML,isolate,354-B6,OH,Vicky2-a6-354-B6A,x,a,6,Central,44266,6-x,7.942514505,30381,15.68438714,44.50231533,246
354-B6b,Vicky2.a6.354.B6B.mzXML.Peak.area,Vicky2-a6-354-B6B.mzXML,branch_x-cluster_6,354-B6,Vicky2-a6-354-B6B.mzXML,isolate,354-B6,OH,Vicky2-a6-354-B6B,x,b,6,Central,44266,6-x,7.754887502,23436,14.69693846,39.99792824,216
355-B5a,Vicky2.e5.355.B5A.mzXML.Peak.area,Vicky2-e5-355-B5A.mzXML,branch_w-cluster_2,355-B5,Vicky2-e5-355-B5A.mzXML,isolate,355-B5,UT,Vicky2-e5-355-B5A,w,a,2,Southwest,84321,2-w,8.562242424,71631,19.4422221,63.52261516,378
355-B5b,Vicky2.e5.355.B5B.mzXML.Peak.area,Vicky2-e5-355-B5B.mzXML,branch_w-cluster_2,355-B5,Vicky2-e5-355-B5B.mzXML,isolate,355-B5,UT,Vicky2-e5-355-B5B,w,b,2,Southwest,84321,2-w,8.339850003,52650,18,55.87516539,324
355-B6a,Vicky2.e9.355.B6A.mzXML.Peak.area,Vicky2-e9-355-B6A.mzXML,branch_v-cluster_4,355-B6,Vicky2-e9-355-B6A.mzXML,isolate,355-B6,UT,Vicky2-e9-355-B6A,v,a,4,Southwest,84321,4-v,8.108524457,38226,16.61324773,48.92889432,276
355-B6b,Vicky2.e9.355.B6B.mzXML.Peak.area,Vicky2-e9-355-B6B.mzXML,branch_v-cluster_4,355-B6,Vicky2-e9-355-B6B.mzXML,isolate,355-B6,UT,Vicky2-e9-355-B6B,v,b,4,Southwest,84321,4-v,8.596189756,75078,19.67231557,64.78222347,387
355-C2a,Vicky2.d6.355.C2A.mzXML.Peak.area,Vicky2-d6-355-C2A.mzXML,branch_u-cluster_1,355-C2,Vicky2-d6-355-C2A.mzXML,isolate,355-C2,UT,Vicky2-d6-355-C2A,u,a,1,Southwest,84321,1-u,9.005624549,132355,22.6715681,82.18225754,514
355-C2b,Vicky2.d6.355.C2B.mzXML.Peak.area,Vicky2-d6-355-C2B.mzXML,branch_u-cluster_1,355-C2,Vicky2-d6-355-C2B.mzXML,isolate,355-C2,UT,Vicky2-d6-355-C2B,u,b,1,Southwest,84321,1-u,9.28771238,195625,25,96.92824979,625
356-B9a,Vicky3.b4.356.B9A.mzXML.Peak.area,Vicky3-b4-356-B9A.mzXML,branch_v-cluster_4,356-B9,Vicky3-b4-356-B9A.mzXML,isolate,356-B9,UT,Vicky3-b4-356-B9A,v,a,4,Southwest,84042,4-v,9.118941073,154846,23.57965225,87.80578154,556
356-B9b,Vicky3.b4.356.B9B.mzXML.Peak.area,Vicky3-b4-356-B9B.mzXML,branch_v-cluster_4,356-B9,Vicky3-b4-356-B9B.mzXML,isolate,356-B9,UT,Vicky3-b4-356-B9B,v,b,4,Southwest,84042,4-v,8.885696373,112101,21.74856317,76.63463061,473
356-F7a,Vicky2.g6.356.F7A.mzXML.Peak.area,Vicky2-g6-356-F7A.mzXML,branch_v-cluster_4,356-F7,Vicky2-g6-356-F7A.mzXML,isolate,356-F7,ID,Vicky2-g6-356-F7A,v,a,4,Northwest,83669,4-v,9.177419538,167910,24.06241883,90.86189535,579
356-F7b,Vicky2.g6.356.F7B.mzXML.Peak.area,Vicky2-g6-356-F7B.mzXML,branch_v-cluster_4,356-F7,Vicky2-g6-356-F7B.mzXML,isolate,356-F7,ID,Vicky2-g6-356-F7B,v,b,4,Northwest,83669,4-v,8.06608919,36046,16.37070554,47.75543226,268
356-G10a,Vicky3.a5.356.G10A.mzXML.Peak.area,Vicky3-a5-356-G10A.mzXML,branch_u-cluster_2,356-G10,Vicky3-a5-356-G10A.mzXML,isolate,356-G10,IL,Vicky3-a5-356-G10A,u,a,2,Central,62269,2-u,8.209453366,43956,17.20465053,51.84206769,296
356-G10b,Vicky3.a5.356.G10B.mzXML.Peak.area,Vicky3-a5-356-G10B.mzXML,branch_u-cluster_1,356-G10,Vicky3-a5-356-G10B.mzXML,isolate,356-G10,IL,Vicky3-a5-356-G10B,u,b,1,Central,62269,1-u,8.383704292,55945,18.27566688,57.30372063,334
358-H1a,Vicky2.h7.358.H1B.mzXML.Peak.area,Vicky2-h7-358-H1B.mzXML,branch_v-cluster_4,358-H1,Vicky2-h7-358-H1B.mzXML,isolate,358-H1,OR,Vicky2-h7-358-H1B,v,a,4,Northwest,97470,4-v,7.971543554,31626,15.84297952,45.24515958,251
358-H1b,Vicky2.h7.358.H1A.mzXML.Peak.area,Vicky2-h7-358-H1A.mzXML,branch_v-cluster_4,358-H1,Vicky2-h7-358-H1A.mzXML,isolate,358-H1,OR,Vicky2-h7-358-H1A,v,b,4,Northwest,97470,4-v,8.658211483,81810,20.09975124,67.15083163,404
359-A3a,Vicky3.b5.359.A3A.mzXML.Peak.area,Vicky3-b5-359-A3A.mzXML,branch_u-cluster_1,359-A3,Vicky3-b5-359-A3A.mzXML,isolate,359-A3,CA,Vicky3-b5-359-A3A,u,a,1,West,93065,1-u,8.861086906,108345,21.56385865,75.54496486,465
359-A3b,Vicky3.b5.359.A3B.mzXML.Peak.area,Vicky3-b5-359-A3B.mzXML,branch_u-cluster_1,359-A3,Vicky3-b5-359-A3B.mzXML,isolate,359-A3,CA,Vicky3-b5-359-A3B,u,b,1,West,93065,1-u,8.400879436,57291,18.38477631,57.87349199,338
359-A7a,Vicky2.h5.359.A7B.mzXML.Peak.area,Vicky2-h5-359-A7B.mzXML,branch_u-cluster_1,359-A7,Vicky2-h5-359-A7B.mzXML,isolate,359-A7,CA,Vicky2-h5-359-A7B,u,a,1,West,93065,1-u,9.64385619,320400,28.28427125,119.5282587,800
359-A7b,Vicky2.h5.359.A7A.mzXML.Peak.area,Vicky2-h5-359-A7A.mzXML,branch_u-cluster_1,359-A7,Vicky2-h5-359-A7A.mzXML,isolate,359-A7,CA,Vicky2-h5-359-A7A,u,b,1,West,93065,1-u,9.894817763,453628,30.85449724,138.6587421,952
359-B7a,Vicky2.f7.359.B7A.mzXML.Peak.area,Vicky2-f7-359-B7A.mzXML,branch_v-cluster_5,359-B7,Vicky2-f7-359-B7A.mzXML,isolate,359-B7,CA,Vicky2-f7-359-B7A,v,a,5,West,93065,5-v,8.348728154,53301,18.05547009,56.16135531,326
359-B7b,Vicky2.f7.359.B7B.mzXML.Peak.area,Vicky2-f7-359-B7B.mzXML,branch_v-cluster_5,359-B7,Vicky2-f7-359-B7B.mzXML,isolate,359-B7,CA,Vicky2-f7-359-B7B,v,b,5,West,93065,5-v,8.741466986,91806,20.68816087,70.47224264,428
359-B9a,Vicky2.h3.359.B9B.mzXML.Peak.area,Vicky2-h3-359-B9B.mzXML,branch_u-cluster_1,359-B9,Vicky2-h3-359-B9B.mzXML,isolate,359-B9,CA,Vicky2-h3-359-B9B,u,a,1,West,93065,1-u,9.469641817,251695,26.62705391,107.8634344,709
359-B9b,Vicky2.h3.359.B9A.mzXML.Peak.area,Vicky2-h3-359-B9A.mzXML,branch_u-cluster_1,359-B9,Vicky2-h3-359-B9A.mzXML,isolate,359-B9,CA,Vicky2-h3-359-B9A,u,b,1,West,93065,1-u,8.948367232,122265,22.22611077,79.48362386,494
359-D5a,Vicky3.a6.359.D5A.mzXML.Peak.area,Vicky3-a6-359-D5A.mzXML,branch_u-cluster_1,359-D5,Vicky3-a6-359-D5A.mzXML,isolate,359-D5,CA,Vicky3-a6-359-D5A,u,a,1,West,93065,1-u,8.842350343,105570,21.42428529,74.72609692,459
359-D5b,Vicky3.a6.359.D5B.mzXML.Peak.area,Vicky3-a6-359-D5B.mzXML,branch_u-cluster_1,359-D5,Vicky3-a6-359-D5B.mzXML,isolate,359-D5,CA,Vicky3-a6-359-D5B,u,b,1,West,93065,1-u,8.764871591,94830,20.85665361,71.43626022,435
360-C1a,Vicky2.f4.360.C1A.mzXML.Peak.area,Vicky2-f4-360-C1A.mzXML,branch_u-cluster_1,360-C1,Vicky2-f4-360-C1A.mzXML,isolate,360-C1,CO,Vicky2-f4-360-C1A,u,a,1,Southwest,80911,1-u,9.533329732,274911,27.22131518,111.9854616,741
360-C1b,Vicky2.f4.360.C1B.mzXML.Peak.area,Vicky2-f4-360-C1B.mzXML,branch_u-cluster_1,360-C1,Vicky2-f4-360-C1B.mzXML,isolate,360-C1,CO,Vicky2-f4-360-C1B,u,b,1,Southwest,80911,1-u,9.618385502,309291,28.03569154,117.7448759,786
360-F7a,Vicky2.b10.360.F7A.mzXML.Peak.area,Vicky2-b10-360-F7A.mzXML,branch_x-cluster_6,360-F7,Vicky2-b10-360-F7A.mzXML,isolate,360-F7,MO,Vicky2-b10-360-F7A,x,a,6,Central,64015,6-x,7.994353437,32640,15.96871942,45.83792089,255
360-F7b,Vicky2.b10.360.F7B.mzXML.Peak.area,Vicky2-b10-360-F7B.mzXML,branch_x-cluster_6,360-F7,Vicky2-b10-360-F7B.mzXML,isolate,360-F7,MO,Vicky2-b10-360-F7B,x,b,6,Central,64015,6-x,8.28077077,48516,17.63519209,54.00891718,311
361-E4a,Vicky2.e7.361.E4A.mzXML.Peak.area,Vicky2-e7-361-E4A.mzXML,branch_u-cluster_2,361-E4,Vicky2-e7-361-E4A.mzXML,isolate,361-E4,MO,Vicky2-e7-361-E4A,u,a,2,Central,64064,2-u,8.243173983,46056,17.40689519,52.85511421,303
361-E4b,Vicky2.e7.361.E4B.mzXML.Peak.area,Vicky2-e7-361-E4B.mzXML,branch_u-cluster_2,361-E4,Vicky2-e7-361-E4B.mzXML,isolate,361-E4,MO,Vicky2-e7-361-E4B,u,b,2,Central,64064,2-u,7.087462841,9316,11.66190379,27.48004961,136
365-C8a,Vicky2.e11.365.C8A.mzXML.Peak.area,Vicky2-e11-365-C8A.mzXML,branch_v-cluster_4,365-C8,Vicky2-e11-365-C8A.mzXML,isolate,365-C8,MO,Vicky2-e11-365-C8A,v,a,4,Central,64015,4-v,8.768184325,95266,20.88061302,71.57380816,436
365-C8b,Vicky2.e11.365.C8B.mzXML.Peak.area,Vicky2-e11-365-C8B.mzXML,branch_v-cluster_4,365-C8,Vicky2-e11-365-C8B.mzXML,isolate,365-C8,MO,Vicky2-e11-365-C8B,v,b,4,Central,64015,4-v,8.442943496,60726,18.65475811,59.29391562,348
365-D9a,Vicky2.e6.365.D9A.mzXML.Peak.area,Vicky2-e6-365-D9A.mzXML,branch_u-cluster_1,365-D9,Vicky2-e6-365-D9A.mzXML,isolate,365-D9,MO,Vicky2-e6-365-D9A,u,a,1,Central,64015,1-u,8.84862294,106491,21.47091055,74.99920872,461
365-D9b,Vicky2.e6.365.D9B.mzXML.Peak.area,Vicky2-e6-365-D9B.mzXML,branch_u-cluster_1,365-D9,Vicky2-e6-365-D9B.mzXML,isolate,365-D9,MO,Vicky2-e6-365-D9B,u,b,1,Central,64015,1-u,8.194756854,43071,17.11724277,51.4068885,293
365-G7a,Vicky2.f8.365.G7A.mzXML.Peak.area,Vicky2-f8-365-G7A.mzXML,branch_v-cluster_5,365-G7,Vicky2-f8-365-G7A.mzXML,isolate,365-G7,CA,Vicky2-f8-365-G7A,v,a,5,West,92505,5-v,8.224001674,44850,17.29161647,52.27663359,299
365-G7b,Vicky2.f8.365.G7B.mzXML.Peak.area,Vicky2-f8-365-G7B.mzXML,branch_v-cluster_5,365-G7,Vicky2-f8-365-G7B.mzXML,isolate,365-G7,CA,Vicky2-f8-365-G7B,v,b,5,West,92505,5-v,8.082149041,36856,16.46207763,48.19605021,271
366-D1a,Vicky2.h4.366.D1B.mzXML.Peak.area,Vicky2-h4-366-D1B.mzXML,branch_w-cluster_2,366-D1,Vicky2-h4-366-D1B.mzXML,isolate,366-D1,MT,Vicky2-h4-366-D1B,w,a,2,West North Central,59054,2-w,8.741466986,91806,20.68816087,70.47224264,428
366-D1b,Vicky2.h4.366.D1A.mzXML.Peak.area,Vicky2-h4-366-D1A.mzXML,branch_w-cluster_2,366-D1,Vicky2-h4-366-D1A.mzXML,isolate,366-D1,MT,Vicky2-h4-366-D1A,w,b,2,West North Central,59054,2-w,8.603626345,75855,19.72308292,65.06159768,389
369-C2a,Vicky2.b12.369.C2A.mzXML.Peak.area,Vicky2-b12-369-C2A.mzXML,branch_x-cluster_6,369-C2,Vicky2-b12-369-C2A.mzXML,isolate,369-C2,TX,Vicky2-b12-369-C2A,x,a,6,South,75218,6-x,8.14974712,40470,16.85229955,50.09759083,284
369-C2b,Vicky2.b12.369.C2B.mzXML.Peak.area,Vicky2-b12-369-C2B.mzXML,branch_x-cluster_6,369-C2,Vicky2-b12-369-C2B.mzXML,isolate,369-C2,TX,Vicky2-b12-369-C2B,x,b,6,South,75218,6-x,7.960001932,31125,15.77973384,44.9482768,249
372-F4a,Vicky1.g5.372.F4A.mzXML.Peak.area,Vicky1-g5-372-F4A.mzXML,branch_u-cluster_1,372-F4,Vicky1-g5-372-F4A.mzXML,isolate,372-F4,CT,Vicky1-g5-372-F4A,u,a,1,Northeast,6902,1-u,9.100662339,150975,23.43074903,86.87245532,549
372-F4b,Vicky1.g5.372.F4B.mzXML.Peak.area,Vicky1-g5-372-F4B.mzXML,branch_u-cluster_1,372-F4,Vicky1-g5-372-F4B.mzXML,isolate,372-F4,CT,Vicky1-g5-372-F4B,u,b,1,Northeast,6902,1-u,8.97441459,126756,22.42766149,80.69973849,503
374-F7a,Vicky2.d12.374.F7A.mzXML.Peak.area,Vicky2-d12-374-F7A.mzXML,branch_u-cluster_1,374-F7,Vicky2-d12-374-F7A.mzXML,isolate,374-F7,ND,Vicky2-d12-374-F7A,u,a,1,Southeast,58040,1-u,7.826548487,25878,15.06651917,41.65937,227
374-F7b,Vicky2.d12.374.F7B.mzXML.Peak.area,Vicky2-d12-374-F7B.mzXML,branch_u-cluster_1,374-F7,Vicky2-d12-374-F7B.mzXML,isolate,374-F7,ND,Vicky2-d12-374-F7B,u,b,1,Southeast,58040,1-u,7.451211112,15400,13.22875656,33.68968257,175
380-A8a,Vicky2.a8.380.A8A.mzXML.Peak.area,Vicky2-a8-380-A8A.mzXML,branch_u-cluster_1,380-A8,Vicky2-a8-380-A8A.mzXML,isolate,380-A8,TX,Vicky2-a8-380-A8A,u,a,1,South,78596,1-u,8.13442632,39621,16.76305461,49.65987711,281
380-A8b,Vicky2.a8.380.A8B.mzXML.Peak.area,Vicky2-a8-380-A8B.mzXML,branch_u-cluster_1,380-A8,Vicky2-a8-380-A8B.mzXML,isolate,380-A8,TX,Vicky2-a8-380-A8B,u,b,1,South,78596,1-u,9.461479447,248865,26.55183609,107.346564,705
380-H8a,Vicky1.g3.380.H8A.mzXML.Peak.area,Vicky1-g3-380-H8A.mzXML,branch_u-cluster_1,380-H8,Vicky1-g3-380-H8A.mzXML,isolate,380-H8,CA,Vicky1-g3-380-H8A,u,a,1,West,90720,1-u,9.451211112,245350,26.45751311,106.6999585,700
380-H8b,Vicky1.g3.380.H8B.mzXML.Peak.area,Vicky1-g3-380-H8B.mzXML,branch_u-cluster_1,380-H8,Vicky1-g3-380-H8B.mzXML,isolate,380-H8,CA,Vicky1-g3-380-H8B,u,b,1,West,90720,1-u,8.475733431,63546,18.86796226,60.42624437,356
382-E5a,Vicky2.e10.382.E5A.mzXML.Peak.area,Vicky2-e10-382-E5A.mzXML,branch_v-cluster_5,382-E5,Vicky2-e10-382-E5A.mzXML,isolate,382-E5,CA,Vicky2-e10-382-E5A,v,a,5,West,91768,5-v,8.951284715,122760,22.24859546,79.61888968,495
382-E5b,Vicky2.e10.382.E5B.mzXML.Peak.area,Vicky2-e10-382-E5B.mzXML,branch_v-cluster_5,382-E5,Vicky2-e10-382-E5B.mzXML,isolate,382-E5,CA,Vicky2-e10-382-E5B,v,b,5,West,91768,5-v,9.063395081,143380,23.13006701,85.00116622,535
382-E6a,Vicky2.d10.382.E6A.mzXML.Peak.area,Vicky2-d10-382-E6A.mzXML,branch_v-cluster_5,382-E6,Vicky2-d10-382-E6A.mzXML,isolate,382-E6,CA,Vicky2-d10-382-E6A,v,a,5,West,91768,5-v,8.303780748,50086,17.77638883,54.72795485,316
382-E6b,Vicky2.d10.382.E6B.mzXML.Peak.area,Vicky2-d10-382-E6B.mzXML,branch_v-cluster_5,382-E6,Vicky2-d10-382-E6B.mzXML,isolate,382-E6,CA,Vicky2-d10-382-E6B,v,b,5,West,91768,5-v,9.060695932,142845,23.10844002,84.86726214,534
383-G3a,Vicky2.f10.383.G3A.mzXML.Peak.area,Vicky2-f10-383-G3A.mzXML,branch_v-cluster_4,383-G3,Vicky2-f10-383-G3A.mzXML,isolate,383-G3,UT,Vicky2-f10-383-G3A,v,a,4,Southwest,84322,4-v,8.857980995,107880,21.54065923,75.408584,464
383-G3b,Vicky2.f10.383.G3B.mzXML.Peak.area,Vicky2-f10-383-G3B.mzXML,branch_v-cluster_4,383-G3,Vicky2-f10-383-G3B.mzXML,isolate,383-G3,UT,Vicky2-f10-383-G3B,v,b,4,Southwest,84322,4-v,7.894817763,28441,15.42724862,43.30926121,238
385-D2a,Vicky3.a4.385.D2A.mzXML.Peak.area,Vicky3-a4-385-D2A.mzXML,branch_v-cluster_4,385-D2,Vicky3-a4-385-D2A.mzXML,isolate,385-D2,UT,Vicky3-a4-385-D2A,v,a,4,Southwest,84339,4-v,9.285402219,195000,24.97999199,96.79699267,624
385-D2b,Vicky3.a4.385.D2B.mzXML.Peak.area,Vicky3-a4-385-D2B.mzXML,branch_v-cluster_4,385-D2,Vicky3-a4-385-D2B.mzXML,isolate,385-D2,UT,Vicky3-a4-385-D2B,v,b,4,Southwest,84339,4-v,7.876516947,27730,15.32970972,42.86039653,235
386-A11a,Vicky1.f1.386.A11A.mzXML.Peak.area,Vicky1-f1-386-A11A.mzXML,branch_y-cluster_3,386-A11,Vicky1-f1-386-A11A.mzXML,isolate,386-A11,UT,Vicky1-f1-386-A11A,y,a,3,Southwest,84321,3-y,8.459431619,62128,18.76166304,59.86051808,352
386-A11b,Vicky1.f1.386.A11B.mzXML.Peak.area,Vicky1-f1-386-A11B.mzXML,branch_y-cluster_3,386-A11,Vicky1-f1-386-A11B.mzXML,isolate,386-A11,UT,Vicky1-f1-386-A11B,y,b,3,Southwest,84321,3-y,7.303780748,12561,12.56980509,31.01176353,158
386-A2a,Vicky2.a2.386.A2A.mzXML.Peak.area,Vicky2-a2-386-A2A.mzXML,branch_u-cluster_1,386-A2,Vicky2-a2-386-A2A.mzXML,isolate,386-A2,UT,Vicky2-a2-386-A2A,u,a,1,Southwest,84321,1-u,9.749869427,371091,29.3428015,127.2548052,861
386-A2b,Vicky2.a2.386.A2B.mzXML.Peak.area,Vicky2-a2-386-A2B.mzXML,branch_u-cluster_1,386-A2,Vicky2-a2-386-A2B.mzXML,isolate,386-A2,UT,Vicky2-a2-386-A2B,u,b,1,Southwest,84321,1-u,9.696967526,344865,28.80972058,123.3369283,830
386-F1a,Vicky2.a10.386.F1A.mzXML.Peak.area,Vicky2-a10-386-F1A.mzXML,branch_w-cluster_2,386-F1,Vicky2-a10-386-F1A.mzXML,isolate,386-F1,UT,Vicky2-a10-386-F1A,w,a,2,Southwest,84328,2-w,9.082149041,147153,23.28089345,85.93759182,542
386-F1b,Vicky2.a10.386.F1B.mzXML.Peak.area,Vicky2-a10-386-F1B.mzXML,branch_w-cluster_2,386-F1,Vicky2-a10-386-F1B.mzXML,isolate,386-F1,UT,Vicky2-a10-386-F1B,w,b,2,Southwest,84328,2-w,8.915879379,116886,21.97726098,77.99331733,483
386-F2a,Vicky1.h1.386.F2A.mzXML.Peak.area,Vicky1-h1-386-F2A.mzXML,branch_v-cluster_4,386-F2,Vicky1-h1-386-F2A.mzXML,isolate,386-F2,UT,Vicky1-h1-386-F2A,v,a,4,Southwest,84328,4-v,8.344295908,52975,18.02775638,56.01829063,325
386-F2b,Vicky1.h1.386.F2B.mzXML.Peak.area,Vicky1-h1-386-F2B.mzXML,branch_v-cluster_4,386-F2,Vicky1-h1-386-F2B.mzXML,isolate,386-F2,UT,Vicky1-h1-386-F2B,v,b,4,Southwest,84328,4-v,8.238404739,45753,17.3781472,52.71059399,302
386-G8a,Vicky2.d9.386.G8A.mzXML.Peak.area,Vicky2-d9-386-G8A.mzXML,branch_v-cluster_4,386-G8,Vicky2-d9-386-G8A.mzXML,isolate,386-G8,CA,Vicky2-d9-386-G8A,v,a,4,West,92675,4-v,8.409390936,57970,18.43908891,58.15803101,340
386-G8b,Vicky2.d9.386.G8B.mzXML.Peak.area,Vicky2-d9-386-G8B.mzXML,branch_v-cluster_4,386-G8,Vicky2-d9-386-G8B.mzXML,isolate,386-G8,CA,Vicky2-d9-386-G8B,v,b,4,West,92675,4-v,7.426264755,14878,13.11487705,33.22004536,172
387-A9a,Vicky2.f12.387.A9A.mzXML.Peak.area,Vicky2-f12-387-A9A.mzXML,branch_v-cluster_5,387-A9,Vicky2-f12-387-A9A.mzXML,isolate,387-A9,CA,Vicky2-f12-387-A9A,v,a,5,West,92675,5-v,8.927777962,118828,22.06807649,78.5357558,487
387-A9b,Vicky2.f12.387.A9B.mzXML.Peak.area,Vicky2-f12-387-A9B.mzXML,branch_v-cluster_5,387-A9,Vicky2-f12-387-A9B.mzXML,isolate,387-A9,CA,Vicky2-f12-387-A9B,v,b,5,West,92675,5-v,8.829722735,103740,21.33072901,74.17940158,455
387-C3a,Vicky2.b11.387.C3A.mzXML.Peak.area,Vicky2-b11-387-C3A.mzXML,branch_x-cluster_6,387-C3,Vicky2-b11-387-C3A.mzXML,isolate,387-C3,CA,Vicky2-b11-387-C3A,x,a,6,West,92694,6-x,8.562242424,71631,19.4422221,63.52261516,378
387-C3b,Vicky2.b11.387.C3B.mzXML.Peak.area,Vicky2-b11-387-C3B.mzXML,branch_x-cluster_6,387-C3,Vicky2-b11-387-C3B.mzXML,isolate,387-C3,CA,Vicky2-b11-387-C3B,x,b,6,West,92694,6-x,8.46760555,62835,18.81488772,60.14348997,354
387-E1a,Vicky2.f11.387.E1A.mzXML.Peak.area,Vicky2-f11-387-E1A.mzXML,branch_v-cluster_5,387-E1,Vicky2-f11-387-E1A.mzXML,isolate,387-E1,CA,Vicky2-f11-387-E1A,v,a,5,West,92629,5-v,8.577428828,73153,19.54482029,64.08293459,382
387-E1b,Vicky2.f11.387.E1B.mzXML.Peak.area,Vicky2-f11-387-E1B.mzXML,branch_v-cluster_5,387-E1,Vicky2-f11-387-E1B.mzXML,isolate,387-E1,CA,Vicky2-f11-387-E1B,v,b,5,West,92629,5-v,8.73470962,90951,20.63976744,70.19642541,426
389-H2a,Vicky1.g11.389.H2A.mzXML.Peak.area,Vicky1-g11-389-H2A.mzXML,branch_y-cluster_3,389-H2,Vicky1-g11-389-H2A.mzXML,isolate,389-H2,ID,Vicky1-g11-389-H2A,y,a,3,Northwest,83854,3-y,8.665335917,82621,20.14944168,67.42860255,406
389-H2b,Vicky1.g11.389.H2B.mzXML.Peak.area,Vicky1-g11-389-H2B.mzXML,branch_y-cluster_3,389-H2,Vicky1-g11-389-H2B.mzXML,isolate,389-H2,ID,Vicky1-g11-389-H2B,y,b,3,Northwest,83854,3-y,8.344295908,52975,18.02775638,56.01829063,325
390-D4a,Vicky2.g7.390.D4A.mzXML.Peak.area,Vicky2-g7-390-D4A.mzXML,branch_v-cluster_4,390-D4,Vicky2-g7-390-D4A.mzXML,isolate,390-D4,CA,Vicky2-g7-390-D4A,v,a,4,West,92629,4-v,8.951284715,122760,22.24859546,79.61888968,495
390-D4b,Vicky2.g7.390.D4B.mzXML.Peak.area,Vicky2-g7-390-D4B.mzXML,branch_v-cluster_4,390-D4,Vicky2-g7-390-D4B.mzXML,isolate,390-D4,CA,Vicky2-g7-390-D4B,v,b,4,West,92629,4-v,8.299208018,49770,17.74823935,54.5842738,315
390-E1a,Vicky2.f3.390.E1A.mzXML.Peak.area,Vicky2-f3-390-E1A.mzXML,branch_v-cluster_5,390-E1,Vicky2-f3-390-E1A.mzXML,isolate,390-E1,NM,Vicky2-f3-390-E1A,v,a,5,Southwest,87108,5-v,8.209453366,43956,17.20465053,51.84206769,296
390-E1b,Vicky2.f3.390.E1B.mzXML.Peak.area,Vicky2-f3-390-E1B.mzXML,branch_v-cluster_5,390-E1,Vicky2-f3-390-E1B.mzXML,isolate,390-E1,NM,Vicky2-f3-390-E1B,v,b,5,Southwest,87108,5-v,8.787902559,97903,21.02379604,72.39822116,442
396-C10a,Vicky2.a4.396.C10A.mzXML.Peak.area,Vicky2-a4-396-C10A.mzXML,branch_u-cluster_1,396-C10,Vicky2-a4-396-C10A.mzXML,isolate,396-C10,WY,Vicky2-a4-396-C10A,u,a,1,West North Central,82054,1-u,8.813781191,101475,21.21320344,73.49513895,450
396-C10b,Vicky2.a4.396.C10B.mzXML.Peak.area,Vicky2-a4-396-C10B.mzXML,branch_u-cluster_1,396-C10,Vicky2-a4-396-C10B.mzXML,isolate,396-C10,WY,Vicky2-a4-396-C10B,u,b,1,West North Central,82054,1-u,8.430452552,59685,18.57417562,58.86838115,345
404-B10a,Vicky2.a3.404.B10A.mzXML.Peak.area,Vicky2-a3-404-B10A.mzXML,branch_u-cluster_1,404-B10,Vicky2-a3-404-B10A.mzXML,isolate,404-B10,NC,Vicky2-a3-404-B10A,u,a,1,Southeast,27012,1-u,9.016808288,134421,22.75961335,82.72032767,518
404-B10b,Vicky2.a3.404.B10B.mzXML.Peak.area,Vicky2-a3-404-B10B.mzXML,branch_u-cluster_1,404-B10,Vicky2-a3-404-B10B.mzXML,isolate,404-B10,NC,Vicky2-a3-404-B10B,u,b,1,Southeast,27012,1-u,8.942514505,121278,22.18107301,79.21298474,492
411-C10a,Vicky2.e12.411.C10A.mzXML.Peak.area,Vicky2-e12-411-C10A.mzXML,branch_v-cluster_5,411-C10,Vicky2-e12-411-C10A.mzXML,isolate,411-C10,NV,Vicky2-e12-411-C10A,v,a,5,West,89119,5-v,8.991521846,129795,22.56102835,81.50890287,509
411-C10b,Vicky2.e12.411.C10B.mzXML.Peak.area,Vicky2-e12-411-C10B.mzXML,branch_v-cluster_5,411-C10,Vicky2-e12-411-C10B.mzXML,isolate,411-C10,NV,Vicky2-e12-411-C10B,v,b,5,West,89119,5-v,8.154818109,40755,16.88194302,50.24335137,285
411-C5a,Vicky2.b6.411.C5A.mzXML.Peak.area,Vicky2-b6-411-C5A.mzXML,branch_x-cluster_6,411-C5,Vicky2-b6-411-C5A.mzXML,isolate,411-C5,TN,Vicky2-b6-411-C5A,x,a,6,Central,37830,6-x,8.483815777,64261,18.92088793,60.70878283,358
411-C5b,Vicky2.b6.411.C5B.mzXML.Peak.area,Vicky2-b6-411-C5B.mzXML,branch_x-cluster_6,411-C5,Vicky2-b6-411-C5B.mzXML,isolate,411-C5,TN,Vicky2-b6-411-C5B,x,b,6,Central,37830,6-x,7.383704292,14028,12.92284798,32.43458396,167
421-C11a,Vicky2.d4.421.C11A.mzXML.Peak.area,Vicky2-d4-421-C11A.mzXML,branch_x-cluster_6,421-C11,Vicky2-d4-421-C11A.mzXML,isolate,421-C11,CO,Vicky2-d4-421-C11A,x,a,6,Southwest,81506,6-x,8.339850003,52650,18,55.87516539,324
421-C11b,Vicky2.d4.421.C11B.mzXML.Peak.area,Vicky2-d4-421-C11B.mzXML,branch_x-cluster_6,421-C11,Vicky2-d4-421-C11B.mzXML,isolate,421-C11,CO,Vicky2-d4-421-C11B,x,b,6,Southwest,81506,6-x,8.082149041,36856,16.46207763,48.19605021,271
423-E8a,Vicky2.g9.423.E8A.mzXML.Peak.area,Vicky2-g9-423-E8A.mzXML,branch_v-cluster_5,423-E8,Vicky2-g9-423-E8A.mzXML,isolate,423-E8,NV,Vicky2-g9-423-E8A,v,a,5,West,89501,5-v,8.668884984,83028,20.174241,67.5674193,407
423-E8b,Vicky2.g9.423.E8B.mzXML.Peak.area,Vicky2-g9-423-E8B.mzXML,branch_v-cluster_5,423-E8,Vicky2-g9-423-E8B.mzXML,isolate,423-E8,NV,Vicky2-g9-423-E8B,v,b,5,West,89501,5-v,9.124121312,155961,23.62202362,88.07216721,558
423-F5a,Vicky2.b7.423.F5A.mzXML.Peak.area,Vicky2-b7-423-F5A.mzXML,branch_w-cluster_2,423-F5,Vicky2-b7-423-F5A.mzXML,isolate,423-F5,NV,Vicky2-b7-423-F5A,w,a,2,West,89501,2-w,7.426264755,14878,13.11487705,33.22004536,172
423-F5b,Vicky2.b7.423.F5B.mzXML.Peak.area,Vicky2-b7-423-F5B.mzXML,branch_w-cluster_2,423-F5,Vicky2-b7-423-F5B.mzXML,isolate,423-F5,NV,Vicky2-b7-423-F5B,w,b,2,West,89501,2-w,7.539158811,17391,13.6381817,35.40163953,186
439-C7a,Vicky2.e8.439.C7A.mzXML.Peak.area,Vicky2-e8-439-C7A.mzXML,branch_v-cluster_5,439-C7,Vicky2-e8-439-C7A.mzXML,isolate,439-C7,NV,Vicky2-e8-439-C7A,v,a,5,West,89129,5-v,9.079484784,146611,23.2594067,85.80391296,541
439-C7b,Vicky2.e8.439.C7B.mzXML.Peak.area,Vicky2-e8-439-C7B.mzXML,branch_v-cluster_5,439-C7,Vicky2-e8-439-C7B.mzXML,isolate,439-C7,NV,Vicky2-e8-439-C7B,v,b,5,West,89129,5-v,7.936637939,30135,15.65247584,44.35348981,245
444-A2a,Vicky2.b8.444.A2A.mzXML.Peak.area,Vicky2-b8-444-A2A.mzXML,branch_x-cluster_6,444-A2,Vicky2-b8-444-A2A.mzXML,isolate,444-A2,MO,Vicky2-b8-444-A2A,x,a,6,Central,63119,6-x,8.022367813,33930,16.1245155,46.57702368,260
444-A2b,Vicky2.b8.444.A2B.mzXML.Peak.area,Vicky2-b8-444-A2B.mzXML,branch_x-cluster_6,444-A2,Vicky2-b8-444-A2B.mzXML,isolate,444-A2,MO,Vicky2-b8-444-A2B,x,b,6,Central,63119,6-x,8.164906927,41328,16.94107435,50.53465831,287
444-A9a,Vicky2.a9.444.A9A.mzXML.Peak.area,Vicky2-a9-444-A9A.mzXML,branch_x-cluster_6,444-A9,Vicky2-a9-444-A9A.mzXML,isolate,444-A9,UT,Vicky2-a9-444-A9A,x,a,6,Southwest,84341,6-x,8.199672345,43365,17.1464282,51.55201686,294
444-A9b,Vicky2.a9.444.A9B.mzXML.Peak.area,Vicky2-a9-444-A9B.mzXML,branch_x-cluster_6,444-A9,Vicky2-a9-444-A9B.mzXML,isolate,444-A9,UT,Vicky2-a9-444-A9B,x,b,6,Southwest,84341,6-x,7.77478706,24090,14.79864859,40.45223573,219